# h0_dcfeat v2 (+os_canon SE M4; v1 faff68a3 superseded) | delta=0.5*asian_width ex-ante | window 08:00→close(j) | DC def verified from arXiv 0809.1040 full text | reads day_facts date/status/traded/entry_time/dir + h0_features asian_width ONLY
date,dc_mode_aligned,os_units,os_canon,n_dc,dc_state,dc_state_canon
2012-01-03,-1,,,0,UNDEF,UNDEF
2012-01-04,1,0.4326,0.4644,1,FRESH,FRESH
2012-01-05,-1,,,0,UNDEF,UNDEF
2012-01-06,1,1.3261,1.4793,6,MID,MID
2012-01-09,-1,,,0,UNDEF,UNDEF
2012-01-10,1,0.0000,0.0706,1,FRESH,FRESH
2012-01-11,-1,,,0,UNDEF,UNDEF
2012-01-12,-1,,,0,UNDEF,UNDEF
2012-01-13,,,,,,
2012-01-16,,,,,,
2012-01-17,-1,,,0,UNDEF,UNDEF
2012-01-18,-1,,,0,UNDEF,UNDEF
2012-01-19,1,0.0000,0.0690,1,FRESH,FRESH
2012-01-20,1,0.3257,0.3361,1,FRESH,FRESH
2012-01-23,1,0.3031,0.3174,2,FRESH,FRESH
2012-01-24,,,,,,
2012-01-25,1,1.9457,1.9778,2,MID,MID
2012-01-26,1,0.0000,0.2929,1,FRESH,FRESH
2012-01-27,1,0.5295,0.5724,1,FRESH,FRESH
2012-01-30,,,,,,
2012-01-31,-1,,,0,UNDEF,UNDEF
2012-02-01,1,1.6931,1.7063,2,MID,MID
2012-02-02,1,0.6651,0.6937,1,FRESH,FRESH
2012-02-03,-1,,,0,UNDEF,UNDEF
2012-02-06,1,0.4377,0.4478,1,FRESH,FRESH
2012-02-07,1,3.0435,3.1217,2,EXTENDED,EXTENDED
2012-02-08,-1,,,0,UNDEF,UNDEF
2012-02-09,-1,,,0,UNDEF,UNDEF
2012-02-10,1,0.4950,0.5217,1,FRESH,FRESH
2012-02-13,1,1.7576,1.8444,4,MID,MID
2012-02-14,1,0.0000,0.5672,2,FRESH,FRESH
2012-02-15,0,0.0483,0.2428,7,OPPOSED,OPPOSED
2012-02-16,0,1.7164,1.7308,5,OPPOSED,OPPOSED
2012-02-17,1,-0.1026,-0.1012,1,FRESH,FRESH
2012-02-20,,,,,,
2012-02-21,-1,,,0,UNDEF,UNDEF
2012-02-22,,,,,,
2012-02-23,1,1.4839,1.6203,3,MID,MID
2012-02-24,1,1.7385,1.7735,3,MID,MID
2012-02-27,,,,,,
2012-02-28,,,,,,
2012-02-29,1,0.4371,0.9790,2,FRESH,FRESH
2012-03-01,,,,,,
2012-03-02,1,0.0563,0.1049,1,FRESH,FRESH
2012-03-05,-1,,,0,UNDEF,UNDEF
2012-03-06,-1,,,0,UNDEF,UNDEF
2012-03-07,1,0.2280,0.2371,3,FRESH,FRESH
2012-03-08,,,,,,
2012-03-09,1,5.5000,5.5045,5,EXTENDED,EXTENDED
2012-03-12,,,,,,
2012-03-13,0,2.0482,2.3601,4,OPPOSED,OPPOSED
2012-03-14,-1,,,0,UNDEF,UNDEF
2012-03-15,,,,,,
2012-03-16,1,0.6218,1.1763,1,FRESH,MID
2012-03-19,1,2.4215,2.5354,8,EXTENDED,EXTENDED
2012-03-20,0,1.1214,1.4092,2,OPPOSED,OPPOSED
2012-03-21,1,1.9373,1.9518,2,MID,MID
2012-03-22,1,0.0000,0.5504,1,FRESH,FRESH
2012-03-23,,,,,,
2012-03-26,1,3.0296,3.0319,2,EXTENDED,EXTENDED
2012-03-27,1,0.2824,0.4918,1,FRESH,FRESH
2012-03-28,1,2.6733,2.6990,2,EXTENDED,EXTENDED
2012-03-29,-1,,,0,UNDEF,UNDEF
2012-03-30,,,,,,
2012-04-02,1,1.3244,1.5778,4,MID,MID
2012-04-03,,,,,,
2012-04-04,1,0.2300,0.2707,1,FRESH,FRESH
2012-04-05,,,,,,
2012-04-06,,,,,,
2012-04-09,1,0.1249,0.3274,1,FRESH,FRESH
2012-04-10,1,2.1825,2.2701,4,EXTENDED,EXTENDED
2012-04-11,1,0.2159,0.2359,1,FRESH,FRESH
2012-04-12,1,2.3045,2.3455,9,EXTENDED,EXTENDED
2012-04-13,1,0.3891,0.6887,1,FRESH,FRESH
2012-04-16,-1,,,0,UNDEF,UNDEF
2012-04-17,-1,,,0,UNDEF,UNDEF
2012-04-18,1,1.9274,1.9685,2,MID,MID
2012-04-19,1,2.1937,2.2654,2,EXTENDED,EXTENDED
2012-04-20,1,1.6659,1.8067,4,MID,MID
2012-04-23,1,0.4348,0.5536,1,FRESH,FRESH
2012-04-24,-1,,,0,UNDEF,UNDEF
2012-04-25,1,0.3401,0.5789,1,FRESH,FRESH
2012-04-26,-1,,,0,UNDEF,UNDEF
2012-04-27,1,2.0621,2.2768,6,EXTENDED,EXTENDED
2012-04-30,-1,,,0,UNDEF,UNDEF
2012-05-01,1,3.6075,3.7312,4,EXTENDED,EXTENDED
2012-05-02,0,2.5157,2.5433,4,OPPOSED,OPPOSED
2012-05-03,-1,,,0,UNDEF,UNDEF
2012-05-04,-1,,,0,UNDEF,UNDEF
2012-05-07,1,1.1866,1.2653,4,MID,MID
2012-05-08,-1,,,0,UNDEF,UNDEF
2012-05-09,-1,,,0,UNDEF,UNDEF
2012-05-10,1,0.9944,1.1887,1,FRESH,MID
2012-05-11,-1,,,0,UNDEF,UNDEF
2012-05-14,1,0.0000,0.0395,1,FRESH,FRESH
2012-05-15,-1,,,0,UNDEF,UNDEF
2012-05-16,-1,,,0,UNDEF,UNDEF
2012-05-17,,,,,,
2012-05-18,1,1.8670,1.9015,8,MID,MID
2012-05-21,,,,,,
2012-05-22,,,,,,
2012-05-23,-1,,,0,UNDEF,UNDEF
2012-05-24,-1,,,0,UNDEF,UNDEF
2012-05-25,,,,,,
2012-05-28,-1,,,0,UNDEF,UNDEF
2012-05-29,1,0.3355,0.4348,1,FRESH,FRESH
2012-05-30,1,1.7146,1.7474,3,MID,MID
2012-05-31,1,1.8604,2.0377,17,MID,EXTENDED
2012-06-01,1,0.7929,0.8410,1,FRESH,FRESH
2012-06-04,1,0.0000,0.0695,1,FRESH,FRESH
2012-06-05,,,,,,
2012-06-06,1,0.0000,0.7089,1,FRESH,FRESH
2012-06-07,1,1.4005,1.7277,5,MID,MID
2012-06-08,,,,,,
2012-06-11,1,0.2003,0.2096,1,FRESH,FRESH
2012-06-12,1,0.2172,0.2934,2,FRESH,FRESH
2012-06-13,1,0.7525,0.8020,4,FRESH,FRESH
2012-06-14,1,0.7267,0.7312,2,FRESH,FRESH
2012-06-15,1,0.0000,0.5188,1,FRESH,FRESH
2012-06-18,,,,,,
2012-06-19,1,0.0000,0.2000,1,FRESH,FRESH
2012-06-20,1,0.7719,0.7982,2,FRESH,FRESH
2012-06-21,1,0.5691,0.5722,1,FRESH,FRESH
2012-06-22,1,0.0000,0.1372,1,FRESH,FRESH
2012-06-25,1,0.4092,0.4989,1,FRESH,FRESH
2012-06-26,,,,,,
2012-06-27,-1,,,0,UNDEF,UNDEF
2012-06-28,1,0.6888,0.7495,1,FRESH,FRESH
2012-06-29,,,,,,
2012-07-02,1,0.2467,0.5086,5,FRESH,FRESH
2012-07-03,-1,,,0,UNDEF,UNDEF
2012-07-04,,,,,,
2012-07-05,1,0.0000,0.4239,6,FRESH,FRESH
2012-07-06,1,0.0000,0.2446,1,FRESH,FRESH
2012-07-09,,,,,,
2012-07-10,1,0.0000,0.0171,1,FRESH,FRESH
2012-07-11,,,,,,
2012-07-12,-1,,,0,UNDEF,UNDEF
2012-07-13,,,,,,
2012-07-16,1,0.2963,0.4097,4,FRESH,FRESH
2012-07-17,1,0.9391,0.9543,1,FRESH,FRESH
2012-07-18,-1,,,0,UNDEF,UNDEF
2012-07-19,,,,,,
2012-07-20,1,0.7135,0.7817,1,FRESH,FRESH
2012-07-23,0,0.2396,0.2595,10,OPPOSED,OPPOSED
2012-07-24,1,0.7433,0.8289,1,FRESH,FRESH
2012-07-25,1,0.9701,1.0928,2,FRESH,MID
2012-07-26,-1,,,0,UNDEF,UNDEF
2012-07-27,-1,,,0,UNDEF,UNDEF
2012-07-30,,,,,,
2012-07-31,1,1.8458,1.8565,2,MID,MID
2012-08-01,1,1.3741,1.8471,6,MID,MID
2012-08-02,1,2.4725,2.4908,5,EXTENDED,EXTENDED
2012-08-03,1,4.9555,5.5875,10,EXTENDED,EXTENDED
2012-08-06,-1,,,0,UNDEF,UNDEF
2012-08-07,1,0.7813,0.7838,2,FRESH,FRESH
2012-08-08,,,,,,
2012-08-09,,,,,,
2012-08-10,,,,,,
2012-08-13,1,0.5492,0.6305,2,FRESH,FRESH
2012-08-14,1,1.2864,1.4909,4,MID,MID
2012-08-15,1,1.3902,1.4238,1,MID,MID
2012-08-16,-1,,,0,UNDEF,UNDEF
2012-08-17,-1,,,0,UNDEF,UNDEF
2012-08-20,-1,,,0,UNDEF,UNDEF
2012-08-21,-1,,,0,UNDEF,UNDEF
2012-08-22,-1,,,0,UNDEF,UNDEF
2012-08-23,-1,,,0,UNDEF,UNDEF
2012-08-24,1,1.2894,1.3407,8,MID,MID
2012-08-27,,,,,,
2012-08-28,,,,,,
2012-08-29,,,,,,
2012-08-30,1,3.1926,3.2005,8,EXTENDED,EXTENDED
2012-08-31,1,3.8889,4.9111,8,EXTENDED,EXTENDED
2012-09-03,1,1.1449,1.1581,4,MID,MID
2012-09-04,1,1.5000,1.7135,4,MID,MID
2012-09-05,,,,,,
2012-09-06,1,0.0000,0.0171,1,FRESH,FRESH
2012-09-07,1,2.3525,2.5120,1,EXTENDED,EXTENDED
2012-09-10,,,,,,
2012-09-11,1,0.6762,0.7632,2,FRESH,FRESH
2012-09-12,-1,,,0,UNDEF,UNDEF
2012-09-13,1,5.7143,5.8779,11,EXTENDED,EXTENDED
2012-09-14,,,,,,
2012-09-17,,,,,,
2012-09-18,,,,,,
2012-09-19,-1,,,0,UNDEF,UNDEF
2012-09-20,0,0.3753,0.3798,4,OPPOSED,OPPOSED
2012-09-21,1,-0.1124,-0.1005,1,FRESH,FRESH
2012-09-24,-1,,,0,UNDEF,UNDEF
2012-09-25,-1,,,0,UNDEF,UNDEF
2012-09-26,1,1.0383,1.1917,2,MID,MID
2012-09-27,,,,,,
2012-09-28,-1,,,0,UNDEF,UNDEF
2012-10-01,1,0.6162,0.6560,1,FRESH,FRESH
2012-10-02,1,1.2249,1.2731,2,MID,MID
2012-10-03,-1,,,0,UNDEF,UNDEF
2012-10-04,1,0.0000,0.0217,1,FRESH,FRESH
2012-10-05,,,,,,
2012-10-08,,,,,,
2012-10-09,1,0.7049,0.7187,1,FRESH,FRESH
2012-10-10,1,0.3962,0.4248,1,FRESH,FRESH
2012-10-11,,,,,,
2012-10-12,1,0.2177,0.2562,3,FRESH,FRESH
2012-10-15,1,0.2943,0.3311,2,FRESH,FRESH
2012-10-16,,,,,,
2012-10-17,1,2.1302,2.1683,4,EXTENDED,EXTENDED
2012-10-18,,,,,,
2012-10-19,-1,,,0,UNDEF,UNDEF
2012-10-22,,,,,,
2012-10-23,-1,,,0,UNDEF,UNDEF
2012-10-24,1,0.0000,0.0579,1,FRESH,FRESH
2012-10-25,,,,,,
2012-10-26,,,,,,
2012-10-29,,,,,,
2012-10-30,,,,,,
2012-10-31,,,,,,
2012-11-01,-1,,,0,UNDEF,UNDEF
2012-11-02,-1,,,0,UNDEF,UNDEF
2012-11-05,1,0.1502,0.2416,1,FRESH,FRESH
2012-11-06,,,,,,
2012-11-07,-1,,,0,UNDEF,UNDEF
2012-11-08,1,0.3246,0.4469,2,FRESH,FRESH
2012-11-09,1,1.9127,1.9795,6,MID,MID
2012-11-12,1,0.5139,0.5332,4,FRESH,FRESH
2012-11-13,1,1.8689,1.8926,3,MID,MID
2012-11-14,1,0.6708,0.6833,1,FRESH,FRESH
2012-11-15,1,0.8725,0.8725,3,FRESH,FRESH
2012-11-16,1,0.4429,0.6179,2,FRESH,FRESH
2012-11-19,,,,,,
2012-11-20,-1,,,0,UNDEF,UNDEF
2012-11-21,,,,,,
2012-11-22,,,,,,
2012-11-23,-1,,,0,UNDEF,UNDEF
2012-11-26,,,,,,
2012-11-27,,,,,,
2012-11-28,-1,,,0,UNDEF,UNDEF
2012-11-29,-1,,,0,UNDEF,UNDEF
2012-11-30,1,1.2566,1.2644,3,MID,MID
2012-12-03,1,1.3167,1.4649,3,MID,MID
2012-12-04,1,0.1470,0.2201,1,FRESH,FRESH
2012-12-05,1,1.5334,1.8886,4,MID,MID
2012-12-06,-1,,,0,UNDEF,UNDEF
2012-12-07,1,2.0041,2.6367,8,EXTENDED,EXTENDED
2012-12-10,-1,,,0,UNDEF,UNDEF
2012-12-11,1,0.5561,0.6358,1,FRESH,FRESH
2012-12-12,1,0.0000,0.2493,1,FRESH,FRESH
2012-12-13,-1,,,0,UNDEF,UNDEF
2012-12-14,1,0.2881,0.5581,4,FRESH,FRESH
2012-12-17,-1,,,0,UNDEF,UNDEF
2012-12-18,,,,,,
2012-12-19,1,1.0754,1.1246,3,MID,MID
2012-12-20,1,1.1478,1.3304,6,MID,MID
2012-12-21,,,,,,
2012-12-24,,,,,,
2012-12-26,,,,,,
2012-12-27,,,,,,
2012-12-28,,,,,,
2012-12-31,,,,,,
2013-01-02,-1,,,0,UNDEF,UNDEF
2013-01-03,,,,,,
2013-01-04,-1,,,0,UNDEF,UNDEF
2013-01-07,1,0.8357,0.8732,1,FRESH,FRESH
2013-01-08,,,,,,
2013-01-09,-1,,,0,UNDEF,UNDEF
2013-01-10,1,0.0000,0.0169,1,FRESH,FRESH
2013-01-11,1,2.5529,2.7412,2,EXTENDED,EXTENDED
2013-01-14,,,,,,
2013-01-15,1,0.0000,0.1941,1,FRESH,FRESH
2013-01-16,1,0.0805,0.0872,1,FRESH,FRESH
2013-01-17,1,0.3333,0.4054,1,FRESH,FRESH
2013-01-18,-1,,,0,UNDEF,UNDEF
2013-01-21,,,,,,
2013-01-22,1,1.6214,1.6883,6,MID,MID
2013-01-23,,,,,,
2013-01-24,1,0.3695,0.4365,2,FRESH,FRESH
2013-01-25,1,1.2787,1.3333,3,MID,MID
2013-01-28,1,1.5072,1.6304,2,MID,MID
2013-01-29,,,,,,
2013-01-30,-1,,,0,UNDEF,UNDEF
2013-01-31,,,,,,
2013-02-01,,,,,,
2013-02-04,,,,,,
2013-02-05,-1,,,0,UNDEF,UNDEF
2013-02-06,,,,,,
2013-02-07,1,5.9322,6.0763,8,EXTENDED,EXTENDED
2013-02-08,1,1.4115,1.4938,3,MID,MID
2013-02-11,1,1.4045,1.6278,1,MID,MID
2013-02-12,1,0.2623,0.4328,1,FRESH,FRESH
2013-02-13,-1,,,0,UNDEF,UNDEF
2013-02-14,1,0.6341,0.8492,3,FRESH,FRESH
2013-02-15,1,0.4842,0.5193,1,FRESH,FRESH
2013-02-18,1,0.6450,0.6880,1,FRESH,FRESH
2013-02-19,1,0.4572,0.8813,4,FRESH,FRESH
2013-02-20,1,0.7701,0.7969,1,FRESH,FRESH
2013-02-21,,,,,,
2013-02-22,1,1.0357,1.0425,1,MID,MID
2013-02-25,0,0.2052,0.2209,2,OPPOSED,OPPOSED
2013-02-26,1,1.7263,1.8645,2,MID,MID
2013-02-27,,,,,,
2013-02-28,1,0.0000,0.1814,1,FRESH,FRESH
2013-03-01,1,0.5299,0.6617,1,FRESH,FRESH
2013-03-04,-1,,,0,UNDEF,UNDEF
2013-03-05,1,1.6815,1.7111,4,MID,MID
2013-03-06,1,0.5984,0.6220,1,FRESH,FRESH
2013-03-07,,,,,,
2013-03-08,1,2.2206,2.2402,2,EXTENDED,EXTENDED
2013-03-11,,,,,,
2013-03-12,1,0.2335,0.2335,1,FRESH,FRESH
2013-03-13,1,2.3492,2.9444,7,EXTENDED,EXTENDED
2013-03-14,,,,,,
2013-03-15,0,-0.3413,-0.2788,2,OPPOSED,OPPOSED
2013-03-18,1,0.1661,0.3077,1,FRESH,FRESH
2013-03-19,1,2.0513,2.2214,5,EXTENDED,EXTENDED
2013-03-20,1,0.0000,0.0056,1,FRESH,FRESH
2013-03-21,-1,,,0,UNDEF,UNDEF
2013-03-22,,,,,,
2013-03-25,1,0.7401,0.8072,1,FRESH,FRESH
2013-03-26,1,0.1843,0.1960,1,FRESH,FRESH
2013-03-27,1,0.1818,0.2182,1,FRESH,FRESH
2013-03-28,,,,,,
2013-04-01,,,,,,
2013-04-02,,,,,,
2013-04-03,1,1.2555,1.2762,2,MID,MID
2013-04-04,1,0.5028,0.5061,1,FRESH,FRESH
2013-04-05,,,,,,
2013-04-08,,,,,,
2013-04-09,1,0.8855,0.9389,2,FRESH,FRESH
2013-04-10,1,0.3390,0.3511,1,FRESH,FRESH
2013-04-11,,,,,,
2013-04-12,1,1.9229,2.0567,2,MID,EXTENDED
2013-04-15,1,0.0000,0.0691,1,FRESH,FRESH
2013-04-16,,,,,,
2013-04-17,,,,,,
2013-04-18,,,,,,
2013-04-19,-1,,,0,UNDEF,UNDEF
2013-04-22,-1,,,0,UNDEF,UNDEF
2013-04-23,,,,,,
2013-04-24,-1,,,0,UNDEF,UNDEF
2013-04-25,-1,,,0,UNDEF,UNDEF
2013-04-26,,,,,,
2013-04-29,1,0.0000,0.3254,1,FRESH,FRESH
2013-04-30,1,3.1840,3.2107,2,EXTENDED,EXTENDED
2013-05-01,,,,,,
2013-05-02,,,,,,
2013-05-03,-1,,,0,UNDEF,UNDEF
2013-05-06,,,,,,
2013-05-07,1,0.1545,0.1634,1,FRESH,FRESH
2013-05-08,,,,,,
2013-05-09,,,,,,
2013-05-10,1,1.0629,1.0738,1,MID,MID
2013-05-13,,,,,,
2013-05-14,1,0.7408,0.7427,1,FRESH,FRESH
2013-05-15,1,0.0000,0.1028,1,FRESH,FRESH
2013-05-16,1,0.9482,0.9561,1,FRESH,FRESH
2013-05-17,1,0.4718,0.5400,2,FRESH,FRESH
2013-05-20,,,,,,
2013-05-21,-1,,,0,UNDEF,UNDEF
2013-05-22,1,0.3482,0.4189,1,FRESH,FRESH
2013-05-23,,,,,,
2013-05-24,,,,,,
2013-05-27,-1,,,0,UNDEF,UNDEF
2013-05-28,,,,,,
2013-05-29,,,,,,
2013-05-30,-1,,,0,UNDEF,UNDEF
2013-05-31,,,,,,
2013-06-03,,,,,,
2013-06-04,,,,,,
2013-06-05,1,0.8228,0.9869,1,FRESH,FRESH
2013-06-06,-1,,,0,UNDEF,UNDEF
2013-06-07,,,,,,
2013-06-10,1,0.6176,0.6333,1,FRESH,FRESH
2013-06-11,-1,,,0,UNDEF,UNDEF
2013-06-12,-1,,,0,UNDEF,UNDEF
2013-06-13,,,,,,
2013-06-14,0,-0.0198,0.1621,4,OPPOSED,OPPOSED
2013-06-17,,,,,,
2013-06-18,-1,,,0,UNDEF,UNDEF
2013-06-19,,,,,,
2013-06-20,1,0.0000,0.2107,1,FRESH,FRESH
2013-06-21,,,,,,
2013-06-24,-1,,,0,UNDEF,UNDEF
2013-06-25,1,0.9246,1.0643,2,FRESH,MID
2013-06-26,-1,,,0,UNDEF,UNDEF
2013-06-27,,,,,,
2013-06-28,,,,,,
2013-07-01,1,0.3372,0.3728,2,FRESH,FRESH
2013-07-02,1,0.0000,0.3621,1,FRESH,FRESH
2013-07-03,1,0.3689,0.4071,4,FRESH,FRESH
2013-07-04,,,,,,
2013-07-05,0,1.7795,1.7841,4,OPPOSED,OPPOSED
2013-07-08,,,,,,
2013-07-09,-1,,,0,UNDEF,UNDEF
2013-07-10,1,1.0755,1.0990,3,MID,MID
2013-07-11,-1,,,0,UNDEF,UNDEF
2013-07-12,,,,,,
2013-07-15,,,,,,
2013-07-16,1,0.6389,0.7340,1,FRESH,FRESH
2013-07-17,1,2.2581,3.2581,4,EXTENDED,EXTENDED
2013-07-18,,,,,,
2013-07-19,1,0.4317,0.4519,2,FRESH,FRESH
2013-07-22,-1,,,0,UNDEF,UNDEF
2013-07-23,,,,,,
2013-07-24,,,,,,
2013-07-25,1,0.8214,0.8736,3,FRESH,FRESH
2013-07-26,,,,,,
2013-07-29,-1,,,0,UNDEF,UNDEF
2013-07-30,0,0.3556,0.4012,2,OPPOSED,OPPOSED
2013-07-31,,,,,,
2013-08-01,1,0.5275,0.6174,2,FRESH,FRESH
2013-08-02,-1,,,0,UNDEF,UNDEF
2013-08-05,1,0.4885,0.5010,1,FRESH,FRESH
2013-08-06,-1,,,0,UNDEF,UNDEF
2013-08-07,,,,,,
2013-08-08,1,0.0308,0.2830,2,FRESH,FRESH
2013-08-09,,,,,,
2013-08-12,1,0.0000,0.3776,2,FRESH,FRESH
2013-08-13,1,0.6170,0.6399,1,FRESH,FRESH
2013-08-14,,,,,,
2013-08-15,1,4.4326,4.4354,2,EXTENDED,EXTENDED
2013-08-16,,,,,,
2013-08-19,,,,,,
2013-08-20,,,,,,
2013-08-21,,,,,,
2013-08-22,,,,,,
2013-08-23,1,1.6356,1.7660,2,MID,MID
2013-08-26,,,,,,
2013-08-27,1,0.0000,0.7384,1,FRESH,FRESH
2013-08-28,-1,,,0,UNDEF,UNDEF
2013-08-29,,,,,,
2013-08-30,1,1.0188,1.0282,1,MID,MID
2013-09-02,,,,,,
2013-09-03,1,0.2383,0.3437,1,FRESH,FRESH
2013-09-04,,,,,,
2013-09-05,-1,,,0,UNDEF,UNDEF
2013-09-06,1,1.1889,1.1913,3,MID,MID
2013-09-09,,,,,,
2013-09-10,,,,,,
2013-09-11,,,,,,
2013-09-12,1,0.0000,0.8294,1,FRESH,FRESH
2013-09-13,1,0.0000,0.6396,1,FRESH,FRESH
2013-09-16,1,0.2046,0.2276,1,FRESH,FRESH
2013-09-17,1,2.3940,2.5624,4,EXTENDED,EXTENDED
2013-09-18,,,,,,
2013-09-19,1,1.6845,1.8165,1,MID,MID
2013-09-20,,,,,,
2013-09-23,,,,,,
2013-09-24,1,0.9601,1.1223,1,FRESH,MID
2013-09-25,1,0.0000,0.8169,4,FRESH,FRESH
2013-09-26,1,1.2925,1.3731,2,MID,MID
2013-09-27,,,,,,
2013-09-30,,,,,,
2013-10-01,1,2.1466,2.1867,6,EXTENDED,EXTENDED
2013-10-02,,,,,,
2013-10-03,1,0.6206,1.9839,9,FRESH,MID
2013-10-04,1,0.0000,0.1483,1,FRESH,FRESH
2013-10-07,,,,,,
2013-10-08,1,2.6059,2.6073,4,EXTENDED,EXTENDED
2013-10-09,,,,,,
2013-10-10,1,1.3353,1.3631,2,MID,MID
2013-10-11,1,2.9002,2.9980,5,EXTENDED,EXTENDED
2013-10-14,,,,,,
2013-10-15,1,0.0000,0.8217,3,FRESH,FRESH
2013-10-16,,,,,,
2013-10-17,1,2.7430,2.8375,2,EXTENDED,EXTENDED
2013-10-18,1,1.3298,1.3368,1,MID,MID
2013-10-21,-1,,,0,UNDEF,UNDEF
2013-10-22,1,0.5323,0.5565,1,FRESH,FRESH
2013-10-23,,,,,,
2013-10-24,1,0.0000,0.4830,1,FRESH,FRESH
2013-10-25,1,2.4232,2.7865,6,EXTENDED,EXTENDED
2013-10-28,1,1.2918,1.2918,2,MID,MID
2013-10-29,,,,,,
2013-10-30,,,,,,
2013-10-31,-1,,,0,UNDEF,UNDEF
2013-11-01,1,1.2829,1.3171,3,MID,MID
2013-11-04,,,,,,
2013-11-05,1,0.6844,0.6926,1,FRESH,FRESH
2013-11-06,,,,,,
2013-11-07,-1,,,0,UNDEF,UNDEF
2013-11-08,1,3.3092,3.4350,5,EXTENDED,EXTENDED
2013-11-11,1,0.3574,0.4259,1,FRESH,FRESH
2013-11-12,1,1.4228,1.4352,8,MID,MID
2013-11-13,,,,,,
2013-11-14,1,0.6595,0.8204,6,FRESH,FRESH
2013-11-15,,,,,,
2013-11-18,,,,,,
2013-11-19,1,1.6135,1.6335,3,MID,MID
2013-11-20,-1,,,0,UNDEF,UNDEF
2013-11-21,1,1.3552,1.4060,3,MID,MID
2013-11-22,1,0.8357,0.8451,3,FRESH,FRESH
2013-11-25,-1,,,0,UNDEF,UNDEF
2013-11-26,,,,,,
2013-11-27,,,,,,
2013-11-28,,,,,,
2013-11-29,,,,,,
2013-12-02,,,,,,
2013-12-03,1,0.6769,0.8549,4,FRESH,FRESH
2013-12-04,-1,,,0,UNDEF,UNDEF
2013-12-05,,,,,,
2013-12-06,1,6.9020,7.0218,6,EXTENDED,EXTENDED
2013-12-09,,,,,,
2013-12-10,-1,,,0,UNDEF,UNDEF
2013-12-11,,,,,,
2013-12-12,1,1.2800,1.3029,2,MID,MID
2013-12-13,1,1.3925,1.4766,1,MID,MID
2013-12-16,1,0.0000,0.2505,2,FRESH,FRESH
2013-12-17,1,0.0000,0.0063,1,FRESH,FRESH
2013-12-18,1,0.1294,0.4549,1,FRESH,FRESH
2013-12-19,1,1.1598,1.2350,1,MID,MID
2013-12-20,,,,,,
2013-12-23,1,0.9982,1.0251,3,FRESH,MID
2013-12-24,1,0.8494,0.9228,1,FRESH,FRESH
2013-12-26,1,0.2057,0.2400,5,FRESH,FRESH
2013-12-27,-1,,,0,UNDEF,UNDEF
2013-12-30,,,,,,
2013-12-31,1,5.5673,5.8811,5,EXTENDED,EXTENDED
2014-01-02,,,,,,
2014-01-03,-1,,,0,UNDEF,UNDEF
2014-01-06,1,0.4478,0.5612,1,FRESH,FRESH
2014-01-07,-1,,,0,UNDEF,UNDEF
2014-01-08,1,0.0000,0.0117,1,FRESH,FRESH
2014-01-09,1,0.7652,0.9683,7,FRESH,FRESH
2014-01-10,1,0.0000,1.4012,2,FRESH,MID
2014-01-13,,,,,,
2014-01-14,1,0.9609,1.2291,6,FRESH,MID
2014-01-15,1,0.2812,0.2875,1,FRESH,FRESH
2014-01-16,1,1.4346,1.4555,1,MID,MID
2014-01-17,,,,,,
2014-01-20,,,,,,
2014-01-21,,,,,,
2014-01-22,1,0.0000,0.3218,1,FRESH,FRESH
2014-01-23,,,,,,
2014-01-24,1,1.4555,1.4747,2,MID,MID
2014-01-27,,,,,,
2014-01-28,1,1.4678,1.4974,1,MID,MID
2014-01-29,,,,,,
2014-01-30,,,,,,
2014-01-31,-1,,,0,UNDEF,UNDEF
2014-02-03,1,1.6812,1.7455,1,MID,MID
2014-02-04,-1,,,0,UNDEF,UNDEF
2014-02-05,1,0.0000,0.8303,1,FRESH,FRESH
2014-02-06,1,0.0000,0.0939,1,FRESH,FRESH
2014-02-07,-1,,,0,UNDEF,UNDEF
2014-02-10,-1,,,0,UNDEF,UNDEF
2014-02-11,-1,,,0,UNDEF,UNDEF
2014-02-12,1,0.6815,0.7385,1,FRESH,FRESH
2014-02-13,1,1.8306,1.9545,2,MID,MID
2014-02-14,-1,,,0,UNDEF,UNDEF
2014-02-17,,,,,,
2014-02-18,,,,,,
2014-02-19,,,,,,
2014-02-20,1,1.5931,1.6069,2,MID,MID
2014-02-21,1,0.5167,0.7533,1,FRESH,FRESH
2014-02-24,-1,,,0,UNDEF,UNDEF
2014-02-25,1,0.8467,0.9617,5,FRESH,FRESH
2014-02-26,-1,,,0,UNDEF,UNDEF
2014-02-27,1,0.5387,0.5421,1,FRESH,FRESH
2014-02-28,1,0.7755,0.8108,1,FRESH,FRESH
2014-03-03,-1,,,0,UNDEF,UNDEF
2014-03-04,,,,,,
2014-03-05,1,0.4211,0.5010,3,FRESH,FRESH
2014-03-06,1,0.5747,0.8046,1,FRESH,FRESH
2014-03-07,,,,,,
2014-03-10,,,,,,
2014-03-11,1,0.4060,0.7038,3,FRESH,FRESH
2014-03-12,-1,,,0,UNDEF,UNDEF
2014-03-13,,,,,,
2014-03-14,1,0.8651,0.9423,1,FRESH,FRESH
2014-03-17,,,,,,
2014-03-18,1,0.2625,0.3567,2,FRESH,FRESH
2014-03-19,-1,,,0,UNDEF,UNDEF
2014-03-20,1,1.2244,1.2512,2,MID,MID
2014-03-21,1,0.5760,0.7680,1,FRESH,FRESH
2014-03-24,1,0.0000,0.1438,1,FRESH,FRESH
2014-03-25,1,1.3535,1.3863,2,MID,MID
2014-03-26,1,1.3787,1.5748,1,MID,MID
2014-03-27,-1,,,0,UNDEF,UNDEF
2014-03-28,1,1.1490,1.6091,4,MID,MID
2014-03-31,1,0.6062,0.6147,1,FRESH,FRESH
2014-04-01,,,,,,
2014-04-02,,,,,,
2014-04-03,1,0.0000,0.0996,1,FRESH,FRESH
2014-04-04,,,,,,
2014-04-07,,,,,,
2014-04-08,-1,,,0,UNDEF,UNDEF
2014-04-09,,,,,,
2014-04-10,-1,,,0,UNDEF,UNDEF
2014-04-11,1,1.8976,1.9724,2,MID,MID
2014-04-14,1,0.6239,0.7308,1,FRESH,FRESH
2014-04-15,,,,,,
2014-04-16,1,0.3676,0.3995,1,FRESH,FRESH
2014-04-17,1,0.0000,0.4787,1,FRESH,FRESH
2014-04-18,,,,,,
2014-04-21,,,,,,
2014-04-22,1,1.7411,1.7766,6,MID,MID
2014-04-23,1,0.3108,0.3649,1,FRESH,FRESH
2014-04-24,1,0.8905,0.9903,1,FRESH,FRESH
2014-04-25,1,1.3029,1.3486,3,MID,MID
2014-04-28,,,,,,
2014-04-29,,,,,,
2014-04-30,-1,,,0,UNDEF,UNDEF
2014-05-01,1,0.0000,0.2521,1,FRESH,FRESH
2014-05-02,1,4.4742,4.4894,5,EXTENDED,EXTENDED
2014-05-06,,,,,,
2014-05-07,1,0.1908,0.2831,1,FRESH,FRESH
2014-05-08,1,2.1862,2.2267,4,EXTENDED,EXTENDED
2014-05-09,1,0.3824,1.1630,4,FRESH,MID
2014-05-12,,,,,,
2014-05-13,,,,,,
2014-05-14,,,,,,
2014-05-15,,,,,,
2014-05-16,1,0.8547,0.9665,1,FRESH,FRESH
2014-05-19,,,,,,
2014-05-20,1,0.1387,0.2213,5,FRESH,FRESH
2014-05-21,1,0.6184,0.6184,1,FRESH,FRESH
2014-05-22,,,,,,
2014-05-23,,,,,,
2014-05-26,,,,,,
2014-05-27,,,,,,
2014-05-28,1,0.2450,0.2606,8,FRESH,FRESH
2014-05-29,1,0.6150,0.6291,1,FRESH,FRESH
2014-05-30,1,0.0868,0.1694,1,FRESH,FRESH
2014-06-02,-1,,,0,UNDEF,UNDEF
2014-06-03,1,1.7551,1.7908,4,MID,MID
2014-06-04,1,2.3208,2.3270,5,EXTENDED,EXTENDED
2014-06-05,1,2.6574,2.8201,3,EXTENDED,EXTENDED
2014-06-06,-1,,,0,UNDEF,UNDEF
2014-06-09,1,0.7266,0.7378,1,FRESH,FRESH
2014-06-10,-1,,,0,UNDEF,UNDEF
2014-06-11,-1,,,0,UNDEF,UNDEF
2014-06-12,1,0.4503,0.8220,1,FRESH,FRESH
2014-06-13,1,1.9169,1.9529,2,MID,MID
2014-06-16,-1,,,0,UNDEF,UNDEF
2014-06-17,-1,,,0,UNDEF,UNDEF
2014-06-18,1,0.2869,0.5458,2,FRESH,FRESH
2014-06-19,1,0.6232,0.7507,1,FRESH,FRESH
2014-06-20,,,,,,
2014-06-23,-1,,,0,UNDEF,UNDEF
2014-06-24,1,1.1379,1.3202,2,MID,MID
2014-06-25,1,0.1770,0.2951,1,FRESH,FRESH
2014-06-26,,,,,,
2014-06-27,,,,,,
2014-06-30,,,,,,
2014-07-01,,,,,,
2014-07-02,1,0.5952,0.8036,3,FRESH,FRESH
2014-07-03,,,,,,
2014-07-04,,,,,,
2014-07-07,-1,,,0,UNDEF,UNDEF
2014-07-08,-1,,,0,UNDEF,UNDEF
2014-07-09,-1,,,0,UNDEF,UNDEF
2014-07-10,1,0.0000,1.3651,2,FRESH,MID
2014-07-11,1,0.6562,0.6745,6,FRESH,FRESH
2014-07-14,,,,,,
2014-07-15,1,1.1382,1.2547,14,MID,MID
2014-07-16,,,,,,
2014-07-17,,,,,,
2014-07-18,,,,,,
2014-07-21,0,0.8038,0.9623,2,OPPOSED,OPPOSED
2014-07-22,0,-0.1359,-0.1359,10,OPPOSED,OPPOSED
2014-07-23,1,0.2655,0.3274,1,FRESH,FRESH
2014-07-24,-1,,,0,UNDEF,UNDEF
2014-07-25,,,,,,
2014-07-28,-1,,,0,UNDEF,UNDEF
2014-07-29,1,0.8951,0.9074,2,FRESH,FRESH
2014-07-30,1,0.8700,0.9462,2,FRESH,FRESH
2014-07-31,-1,,,0,UNDEF,UNDEF
2014-08-01,1,1.9542,2.0534,10,MID,EXTENDED
2014-08-04,1,0.7956,0.8905,1,FRESH,FRESH
2014-08-05,1,0.4615,0.6769,10,FRESH,FRESH
2014-08-06,,,,,,
2014-08-07,1,3.7402,3.7559,7,EXTENDED,EXTENDED
2014-08-08,-1,,,0,UNDEF,UNDEF
2014-08-11,,,,,,
2014-08-12,,,,,,
2014-08-13,1,0.0000,0.1617,1,FRESH,FRESH
2014-08-14,1,0.5836,0.7054,2,FRESH,FRESH
2014-08-15,1,0.0000,0.2308,1,FRESH,FRESH
2014-08-18,1,1.2112,1.2199,2,MID,MID
2014-08-19,1,1.6678,1.6851,5,MID,MID
2014-08-20,1,0.9023,0.9248,2,FRESH,FRESH
2014-08-21,-1,,,0,UNDEF,UNDEF
2014-08-22,1,0.2516,0.2830,6,FRESH,FRESH
2014-08-25,1,0.0296,0.0519,1,FRESH,FRESH
2014-08-26,0,0.3179,0.5492,4,OPPOSED,OPPOSED
2014-08-27,-1,,,0,UNDEF,UNDEF
2014-08-28,-1,,,0,UNDEF,UNDEF
2014-08-29,1,2.6732,2.8366,9,EXTENDED,EXTENDED
2014-09-01,,,,,,
2014-09-02,1,0.0000,0.3740,1,FRESH,FRESH
2014-09-03,1,2.0941,2.1294,2,EXTENDED,EXTENDED
2014-09-04,1,1.0000,1.5659,5,FRESH,MID
2014-09-05,,,,,,
2014-09-08,,,,,,
2014-09-09,1,0.6430,0.6548,2,FRESH,FRESH
2014-09-10,1,1.0201,1.0804,1,MID,MID
2014-09-11,-1,,,0,UNDEF,UNDEF
2014-09-12,1,0.6254,0.7439,2,FRESH,FRESH
2014-09-15,,,,,,
2014-09-16,,,,,,
2014-09-17,,,,,,
2014-09-18,,,,,,
2014-09-19,1,0.6925,0.7466,2,FRESH,FRESH
2014-09-22,,,,,,
2014-09-23,,,,,,
2014-09-24,-1,,,0,UNDEF,UNDEF
2014-09-25,1,0.0000,0.1136,1,FRESH,FRESH
2014-09-26,,,,,,
2014-09-29,,,,,,
2014-09-30,1,1.5682,1.6402,1,MID,MID
2014-10-01,,,,,,
2014-10-02,,,,,,
2014-10-03,,,,,,
2014-10-06,,,,,,
2014-10-07,1,0.8789,1.0048,2,FRESH,MID
2014-10-08,1,0.1720,0.1804,1,FRESH,FRESH
2014-10-09,-1,,,0,UNDEF,UNDEF
2014-10-10,1,2.3704,2.5833,3,EXTENDED,EXTENDED
2014-10-13,-1,,,0,UNDEF,UNDEF
2014-10-14,1,1.5470,1.6906,4,MID,MID
2014-10-15,,,,,,
2014-10-16,,,,,,
2014-10-17,1,0.0000,0.0290,1,FRESH,FRESH
2014-10-20,,,,,,
2014-10-21,1,0.0000,0.5292,1,FRESH,FRESH
2014-10-22,,,,,,
2014-10-23,1,0.3142,0.7395,4,FRESH,FRESH
2014-10-24,,,,,,
2014-10-27,,,,,,
2014-10-28,,,,,,
2014-10-29,1,0.9913,1.1391,1,FRESH,MID
2014-10-30,-1,,,0,UNDEF,UNDEF
2014-10-31,-1,,,0,UNDEF,UNDEF
2014-11-03,,,,,,
2014-11-04,,,,,,
2014-11-05,-1,,,0,UNDEF,UNDEF
2014-11-06,,,,,,
2014-11-07,,,,,,
2014-11-10,,,,,,
2014-11-11,,,,,,
2014-11-12,-1,,,0,UNDEF,UNDEF
2014-11-13,,,,,,
2014-11-14,0,0.0640,0.0788,2,OPPOSED,OPPOSED
2014-11-17,,,,,,
2014-11-18,-1,,,0,UNDEF,UNDEF
2014-11-19,1,0.6423,0.6504,1,FRESH,FRESH
2014-11-20,,,,,,
2014-11-21,1,0.5013,0.8047,1,FRESH,FRESH
2014-11-24,,,,,,
2014-11-25,1,0.6493,0.7355,2,FRESH,FRESH
2014-11-26,,,,,,
2014-11-27,,,,,,
2014-11-28,1,0.3620,0.4481,1,FRESH,FRESH
2014-12-01,,,,,,
2014-12-02,,,,,,
2014-12-03,-1,,,0,UNDEF,UNDEF
2014-12-04,1,2.1944,2.3175,4,EXTENDED,EXTENDED
2014-12-05,1,0.3823,0.4965,1,FRESH,FRESH
2014-12-08,,,,,,
2014-12-09,1,0.4717,0.4966,1,FRESH,FRESH
2014-12-10,-1,,,0,UNDEF,UNDEF
2014-12-11,,,,,,
2014-12-12,,,,,,
2014-12-15,1,0.3346,0.3922,1,FRESH,FRESH
2014-12-16,1,2.6790,2.7143,11,EXTENDED,EXTENDED
2014-12-17,1,1.7902,1.9062,2,MID,MID
2014-12-18,,,,,,
2014-12-19,0,-0.7016,-0.6538,5,OPPOSED,OPPOSED
2014-12-22,1,0.9373,1.1255,4,FRESH,MID
2014-12-23,,,,,,
2014-12-24,1,0.5035,0.5150,4,FRESH,FRESH
2014-12-26,,,,,,
2014-12-29,,,,,,
2014-12-30,,,,,,
2014-12-31,,,,,,
2015-01-02,1,1.3069,1.3525,3,MID,MID
2015-01-05,1,0.1174,0.1387,2,FRESH,FRESH
2015-01-06,-1,,,0,UNDEF,UNDEF
2015-01-07,,,,,,
2015-01-08,1,0.7460,1.0106,1,FRESH,MID
2015-01-09,1,0.1322,0.1932,2,FRESH,FRESH
2015-01-12,,,,,,
2015-01-13,1,0.7190,0.7786,1,FRESH,FRESH
2015-01-14,1,0.9064,0.9853,3,FRESH,FRESH
2015-01-15,0,0.9583,1.0606,4,OPPOSED,OPPOSED
2015-01-16,1,1.6790,1.7786,3,MID,MID
2015-01-19,,,,,,
2015-01-20,1,0.0000,0.3333,1,FRESH,FRESH
2015-01-21,-1,,,0,UNDEF,UNDEF
2015-01-22,1,1.4463,2.7149,10,MID,EXTENDED
2015-01-23,,,,,,
2015-01-26,,,,,,
2015-01-27,,,,,,
2015-01-28,,,,,,
2015-01-29,1,0.3655,0.4543,1,FRESH,FRESH
2015-01-30,,,,,,
2015-02-02,,,,,,
2015-02-03,-1,,,0,UNDEF,UNDEF
2015-02-04,,,,,,
2015-02-05,,,,,,
2015-02-06,1,0.3752,0.4388,3,FRESH,FRESH
2015-02-09,,,,,,
2015-02-10,1,0.9760,1.0901,1,FRESH,MID
2015-02-11,1,0.7038,0.8385,3,FRESH,FRESH
2015-02-13,,,,,,
2015-02-16,,,,,,
2015-02-17,-1,,,0,UNDEF,UNDEF
2015-02-18,1,1.6250,1.6250,5,MID,MID
2015-02-19,1,2.8237,2.8558,4,EXTENDED,EXTENDED
2015-02-20,1,1.3895,1.4000,1,MID,MID
2015-02-23,1,0.6364,0.6717,1,FRESH,FRESH
2015-02-24,-1,,,0,UNDEF,UNDEF
2015-02-25,0,-0.7983,-0.7673,1,OPPOSED,OPPOSED
2015-02-26,-1,,,0,UNDEF,UNDEF
2015-02-27,1,0.0000,0.1768,1,FRESH,FRESH
2015-03-02,-1,,,0,UNDEF,UNDEF
2015-03-03,,,,,,
2015-03-04,1,1.1111,1.1147,1,MID,MID
2015-03-05,1,0.4116,0.4728,1,FRESH,FRESH
2015-03-06,1,0.2323,0.3031,1,FRESH,FRESH
2015-03-09,1,1.0680,1.1400,4,MID,MID
2015-03-10,-1,,,0,UNDEF,UNDEF
2015-03-11,1,0.6354,0.6979,3,FRESH,FRESH
2015-03-12,1,2.6409,2.7357,2,EXTENDED,EXTENDED
2015-03-13,1,0.4447,0.4742,3,FRESH,FRESH
2015-03-16,,,,,,
2015-03-17,1,1.0390,1.0411,2,MID,MID
2015-03-18,-1,,,0,UNDEF,UNDEF
2015-03-19,,,,,,
2015-03-20,1,0.7020,0.7098,3,FRESH,FRESH
2015-03-23,1,1.6077,1.6206,3,MID,MID
2015-03-24,1,0.3080,0.3429,1,FRESH,FRESH
2015-03-25,1,0.3556,0.4127,1,FRESH,FRESH
2015-03-26,-1,,,0,UNDEF,UNDEF
2015-03-27,,,,,,
2015-03-30,-1,,,0,UNDEF,UNDEF
2015-03-31,1,0.1137,0.1447,1,FRESH,FRESH
2015-04-01,1,0.8621,0.8871,1,FRESH,FRESH
2015-04-02,1,0.0000,0.1785,1,FRESH,FRESH
2015-04-03,,,,,,
2015-04-06,-1,,,0,UNDEF,UNDEF
2015-04-07,,,,,,
2015-04-08,1,1.5052,1.6250,5,MID,MID
2015-04-09,-1,,,0,UNDEF,UNDEF
2015-04-10,,,,,,
2015-04-13,,,,,,
2015-04-14,-1,,,0,UNDEF,UNDEF
2015-04-15,1,0.9352,0.9907,2,FRESH,FRESH
2015-04-16,1,0.7847,0.8653,1,FRESH,FRESH
2015-04-17,1,0.6452,0.6625,1,FRESH,FRESH
2015-04-20,1,0.6909,0.8338,1,FRESH,FRESH
2015-04-21,,,,,,
2015-04-22,1,0.7132,0.8105,1,FRESH,FRESH
2015-04-23,,,,,,
2015-04-24,1,1.6379,1.7299,4,MID,MID
2015-04-27,,,,,,
2015-04-28,1,1.0410,1.0694,3,MID,MID
2015-04-29,1,2.1262,2.2824,6,EXTENDED,EXTENDED
2015-04-30,1,1.5409,1.6537,2,MID,MID
2015-05-01,-1,,,0,UNDEF,UNDEF
2015-05-04,,,,,,
2015-05-05,1,0.6391,0.6746,1,FRESH,FRESH
2015-05-06,-1,,,0,UNDEF,UNDEF
2015-05-07,0,0.7049,0.7607,2,OPPOSED,OPPOSED
2015-05-08,,,,,,
2015-05-11,1,4.9046,4.9751,7,EXTENDED,EXTENDED
2015-05-12,-1,,,0,UNDEF,UNDEF
2015-05-13,1,0.7764,0.8882,2,FRESH,FRESH
2015-05-14,1,0.8997,0.9088,1,FRESH,FRESH
2015-05-15,1,0.1479,0.4247,14,FRESH,FRESH
2015-05-18,1,0.0000,0.4011,1,FRESH,FRESH
2015-05-19,,,,,,
2015-05-20,1,0.3485,0.4091,1,FRESH,FRESH
2015-05-21,1,0.7505,0.7608,3,FRESH,FRESH
2015-05-22,1,1.8944,3.8447,6,MID,EXTENDED
2015-05-25,,,,,,
2015-05-26,-1,,,0,UNDEF,UNDEF
2015-05-27,1,1.3260,1.4309,4,MID,MID
2015-05-28,1,2.8606,3.5020,6,EXTENDED,EXTENDED
2015-05-29,1,1.1027,1.1370,5,MID,MID
2015-06-01,,,,,,
2015-06-02,,,,,,
2015-06-03,,,,,,
2015-06-04,1,0.8512,0.8977,1,FRESH,FRESH
2015-06-05,1,1.0314,1.3767,1,MID,MID
2015-06-08,,,,,,
2015-06-09,0,0.5752,0.8421,3,OPPOSED,OPPOSED
2015-06-10,-1,,,0,UNDEF,UNDEF
2015-06-11,,,,,,
2015-06-12,1,1.1102,1.2857,3,MID,MID
2015-06-15,0,1.1201,1.1266,3,OPPOSED,OPPOSED
2015-06-16,1,1.0273,1.1749,2,MID,MID
2015-06-17,-1,,,0,UNDEF,UNDEF
2015-06-18,-1,,,0,UNDEF,UNDEF
2015-06-19,1,0.8657,0.9164,5,FRESH,FRESH
2015-06-22,,,,,,
2015-06-23,1,0.2552,0.5000,1,FRESH,FRESH
2015-06-24,1,1.3211,1.3242,2,MID,MID
2015-06-25,1,0.8732,0.8761,1,FRESH,FRESH
2015-06-26,1,0.9437,0.9913,1,FRESH,FRESH
2015-06-29,,,,,,
2015-06-30,1,0.2174,0.2478,11,FRESH,FRESH
2015-07-01,1,0.5691,0.5772,2,FRESH,FRESH
2015-07-02,1,0.8254,0.8519,1,FRESH,FRESH
2015-07-03,,,,,,
2015-07-06,,,,,,
2015-07-07,,,,,,
2015-07-08,1,0.0000,0.1176,1,FRESH,FRESH
2015-07-09,,,,,,
2015-07-10,-1,,,0,UNDEF,UNDEF
2015-07-13,,,,,,
2015-07-14,-1,,,0,UNDEF,UNDEF
2015-07-15,1,0.0000,0.1374,1,FRESH,FRESH
2015-07-16,1,0.0000,0.1039,1,FRESH,FRESH
2015-07-17,1,0.9261,0.9606,4,FRESH,FRESH
2015-07-20,,,,,,
2015-07-21,,,,,,
2015-07-22,-1,,,0,UNDEF,UNDEF
2015-07-23,1,0.5508,0.7770,5,FRESH,FRESH
2015-07-24,,,,,,
2015-07-27,1,2.5368,2.5675,3,EXTENDED,EXTENDED
2015-07-28,1,0.0000,0.1089,1,FRESH,FRESH
2015-07-29,-1,,,0,UNDEF,UNDEF
2015-07-30,1,0.0000,0.0207,7,FRESH,FRESH
2015-07-31,-1,,,0,UNDEF,UNDEF
2015-08-03,1,0.0000,0.0401,1,FRESH,FRESH
2015-08-04,,,,,,
2015-08-05,1,3.6012,3.6405,5,EXTENDED,EXTENDED
2015-08-06,,,,,,
2015-08-07,1,0.9759,1.4819,1,FRESH,MID
2015-08-10,-1,,,0,UNDEF,UNDEF
2015-08-11,1,0.4214,0.4296,1,FRESH,FRESH
2015-08-12,-1,,,0,UNDEF,UNDEF
2015-08-13,,,,,,
2015-08-14,,,,,,
2015-08-17,0,0.2280,0.2280,2,OPPOSED,OPPOSED
2015-08-18,1,0.1457,0.2781,1,FRESH,FRESH
2015-08-19,,,,,,
2015-08-20,-1,,,0,UNDEF,UNDEF
2015-08-21,,,,,,
2015-08-24,1,1.0235,1.3234,6,MID,MID
2015-08-25,,,,,,
2015-08-26,-1,,,0,UNDEF,UNDEF
2015-08-27,1,0.9639,1.0164,2,FRESH,MID
2015-08-28,1,1.0591,1.1107,1,MID,MID
2015-08-31,,,,,,
2015-09-01,-1,,,0,UNDEF,UNDEF
2015-09-02,1,0.1691,0.1835,1,FRESH,FRESH
2015-09-03,1,1.3793,1.4751,2,MID,MID
2015-09-04,1,0.5993,0.6835,2,FRESH,FRESH
2015-09-07,1,0.7757,0.8110,1,FRESH,FRESH
2015-09-08,,,,,,
2015-09-09,,,,,,
2015-09-10,,,,,,
2015-09-11,1,0.8969,0.9462,1,FRESH,FRESH
2015-09-14,1,0.6467,0.7325,1,FRESH,FRESH
2015-09-15,1,0.4857,0.7214,2,FRESH,FRESH
2015-09-16,,,,,,
2015-09-17,,,,,,
2015-09-18,1,0.8841,1.0300,2,FRESH,MID
2015-09-21,,,,,,
2015-09-22,1,0.8915,0.8915,2,FRESH,FRESH
2015-09-23,,,,,,
2015-09-24,-1,,,0,UNDEF,UNDEF
2015-09-25,,,,,,
2015-09-28,,,,,,
2015-09-29,-1,,,0,UNDEF,UNDEF
2015-09-30,1,0.3106,0.3333,3,FRESH,FRESH
2015-10-01,-1,,,0,UNDEF,UNDEF
2015-10-02,1,0.0000,0.9316,1,FRESH,FRESH
2015-10-05,,,,,,
2015-10-06,1,0.3755,0.4330,1,FRESH,FRESH
2015-10-07,,,,,,
2015-10-09,,,,,,
2015-10-12,-1,,,0,UNDEF,UNDEF
2015-10-13,,,,,,
2015-10-15,,,,,,
2015-10-16,1,1.1696,1.2664,4,MID,MID
2015-10-19,,,,,,
2015-10-20,,,,,,
2015-10-21,,,,,,
2015-10-22,1,2.2030,2.5284,8,EXTENDED,EXTENDED
2015-10-23,,,,,,
2015-10-26,,,,,,
2015-10-27,1,2.3252,2.4417,4,EXTENDED,EXTENDED
2015-10-28,-1,,,0,UNDEF,UNDEF
2015-10-29,1,0.9433,1.0426,3,FRESH,MID
2015-10-30,1,1.6731,1.6923,3,MID,MID
2015-11-02,1,1.0872,1.1147,1,MID,MID
2015-11-03,1,1.0740,1.1935,1,MID,MID
2015-11-04,1,0.5279,0.5502,1,FRESH,FRESH
2015-11-05,1,0.3597,0.3717,1,FRESH,FRESH
2015-11-06,1,4.3717,4.8929,1,EXTENDED,EXTENDED
2015-11-09,1,1.6784,1.6804,6,MID,MID
2015-11-10,1,1.0859,1.1924,1,MID,MID
2015-11-11,1,1.0502,1.0879,1,MID,MID
2015-11-12,1,0.6683,0.7107,1,FRESH,FRESH
2015-11-13,1,2.1283,2.1543,4,EXTENDED,EXTENDED
2015-11-16,-1,,,0,UNDEF,UNDEF
2015-11-17,1,0.5784,0.6324,2,FRESH,FRESH
2015-11-18,,,,,,
2015-11-19,1,0.8621,0.9224,1,FRESH,FRESH
2015-11-20,-1,,,0,UNDEF,UNDEF
2015-11-23,1,0.2045,0.2211,1,FRESH,FRESH
2015-11-24,,,,,,
2015-11-25,,,,,,
2015-11-26,,,,,,
2015-11-27,-1,,,0,UNDEF,UNDEF
2015-11-30,,,,,,
2015-12-01,,,,,,
2015-12-02,,,,,,
2015-12-03,,,,,,
2015-12-04,1,0.7581,0.7581,4,FRESH,FRESH
2015-12-07,,,,,,
2015-12-08,,,,,,
2015-12-09,1,1.2946,1.7011,2,MID,MID
2015-12-10,1,0.2784,0.2848,7,FRESH,FRESH
2015-12-11,1,0.9490,0.9745,1,FRESH,FRESH
2015-12-14,,,,,,
2015-12-15,,,,,,
2015-12-16,,,,,,
2015-12-17,,,,,,
2015-12-18,,,,,,
2015-12-21,-1,,,0,UNDEF,UNDEF
2015-12-22,-1,,,0,UNDEF,UNDEF
2015-12-23,-1,,,0,UNDEF,UNDEF
2015-12-24,,,,,,
2015-12-28,,,,,,
2015-12-29,,,,,,
2015-12-30,1,0.8068,0.8237,1,FRESH,FRESH
2015-12-31,1,1.1325,1.2490,1,MID,MID
2016-01-04,,,,,,
2016-01-05,-1,,,0,UNDEF,UNDEF
2016-01-06,-1,,,0,UNDEF,UNDEF
2016-01-07,1,0.8141,0.8432,2,FRESH,FRESH
2016-01-08,,,,,,
2016-01-11,,,,,,
2016-01-12,1,1.5467,1.5964,2,MID,MID
2016-01-13,1,0.0000,0.3320,1,FRESH,FRESH
2016-01-14,,,,,,
2016-01-15,,,,,,
2016-01-18,,,,,,
2016-01-19,1,0.0000,0.1619,1,FRESH,FRESH
2016-01-20,1,-0.2400,-0.2267,1,FRESH,FRESH
2016-01-21,-1,,,0,UNDEF,UNDEF
2016-01-22,1,2.0863,2.3046,6,EXTENDED,EXTENDED
2016-01-25,,,,,,
2016-01-26,-1,,,0,UNDEF,UNDEF
2016-01-27,,,,,,
2016-01-28,,,,,,
2016-01-29,,,,,,
2016-02-01,-1,,,0,UNDEF,UNDEF
2016-02-02,,,,,,
2016-02-03,1,1.9111,1.9778,2,MID,MID
2016-02-04,1,0.3145,0.3268,2,FRESH,FRESH
2016-02-05,1,0.7990,0.8759,2,FRESH,FRESH
2016-02-08,1,0.9378,0.9622,1,FRESH,FRESH
2016-02-09,1,1.9925,2.0037,6,MID,EXTENDED
2016-02-10,1,2.7504,2.8923,6,EXTENDED,EXTENDED
2016-02-11,1,0.0000,0.0011,1,FRESH,FRESH
2016-02-12,,,,,,
2016-02-15,,,,,,
2016-02-16,,,,,,
2016-02-17,,,,,,
2016-02-18,1,0.0000,0.1391,3,FRESH,FRESH
2016-02-19,1,2.3316,2.3368,4,EXTENDED,EXTENDED
2016-02-22,,,,,,
2016-02-23,,,,,,
2016-02-24,1,1.5067,1.6331,2,MID,MID
2016-02-25,-1,,,0,UNDEF,UNDEF
2016-02-26,,,,,,
2016-02-29,,,,,,
2016-03-01,,,,,,
2016-03-02,,,,,,
2016-03-03,1,0.0000,0.4685,3,FRESH,FRESH
2016-03-04,-1,,,0,UNDEF,UNDEF
2016-03-07,1,0.1882,0.2319,1,FRESH,FRESH
2016-03-08,1,0.0000,0.3027,1,FRESH,FRESH
2016-03-09,1,0.3859,0.4009,1,FRESH,FRESH
2016-03-10,-1,,,0,UNDEF,UNDEF
2016-03-11,,,,,,
2016-03-14,1,1.3128,1.8266,5,MID,MID
2016-03-15,,,,,,
2016-03-16,1,0.4458,0.7068,4,FRESH,FRESH
2016-03-17,1,0.1796,0.2120,1,FRESH,FRESH
2016-03-18,,,,,,
2016-03-21,-1,,,0,UNDEF,UNDEF
2016-03-22,,,,,,
2016-03-23,-1,,,0,UNDEF,UNDEF
2016-03-24,1,0.4076,0.5733,1,FRESH,FRESH
2016-03-28,,,,,,
2016-03-29,-1,,,0,UNDEF,UNDEF
2016-03-30,1,0.8908,0.9509,1,FRESH,FRESH
2016-03-31,1,0.3257,0.3355,2,FRESH,FRESH
2016-04-01,1,0.5310,0.5698,1,FRESH,FRESH
2016-04-04,1,0.0000,0.0564,1,FRESH,FRESH
2016-04-05,0,0.5120,0.5857,2,OPPOSED,OPPOSED
2016-04-06,,,,,,
2016-04-07,,,,,,
2016-04-08,1,0.8292,0.8333,12,FRESH,FRESH
2016-04-11,-1,,,0,UNDEF,UNDEF
2016-04-12,1,0.9172,1.0769,1,FRESH,MID
2016-04-13,,,,,,
2016-04-14,1,1.1878,1.2853,2,MID,MID
2016-04-15,,,,,,
2016-04-18,1,0.0000,0.1611,1,FRESH,FRESH
2016-04-19,,,,,,
2016-04-20,,,,,,
2016-04-21,1,0.0000,0.0068,1,FRESH,FRESH
2016-04-22,1,0.5420,0.6032,3,FRESH,FRESH
2016-04-25,,,,,,
2016-04-26,1,0.0000,0.0407,1,FRESH,FRESH
2016-04-27,1,0.6380,0.6471,1,FRESH,FRESH
2016-04-28,-1,,,0,UNDEF,UNDEF
2016-04-29,1,0.2354,0.2712,1,FRESH,FRESH
2016-05-02,1,0.3030,0.4332,1,FRESH,FRESH
2016-05-03,1,1.2653,1.2812,2,MID,MID
2016-05-04,1,0.4994,0.5543,2,FRESH,FRESH
2016-05-05,1,1.2047,1.2200,1,MID,MID
2016-05-06,,,,,,
2016-05-09,,,,,,
2016-05-10,1,1.4678,1.4678,2,MID,MID
2016-05-11,,,,,,
2016-05-12,1,2.6930,2.7763,2,EXTENDED,EXTENDED
2016-05-13,,,,,,
2016-05-16,-1,,,0,UNDEF,UNDEF
2016-05-17,,,,,,
2016-05-18,,,,,,
2016-05-19,-1,,,0,UNDEF,UNDEF
2016-05-20,-1,,,0,UNDEF,UNDEF
2016-05-23,1,0.5588,0.6155,1,FRESH,FRESH
2016-05-24,-1,,,0,UNDEF,UNDEF
2016-05-25,1,0.3878,0.3965,1,FRESH,FRESH
2016-05-26,1,0.5785,0.6906,2,FRESH,FRESH
2016-05-27,1,0.9026,1.0000,1,FRESH,MID
2016-05-30,,,,,,
2016-05-31,,,,,,
2016-06-01,1,0.7319,0.7333,1,FRESH,FRESH
2016-06-02,,,,,,
2016-06-03,,,,,,
2016-06-06,,,,,,
2016-06-07,,,,,,
2016-06-08,-1,,,0,UNDEF,UNDEF
2016-06-09,1,2.1386,2.2340,2,EXTENDED,EXTENDED
2016-06-10,1,1.3689,1.4126,1,MID,MID
2016-06-13,1,0.4664,0.5436,1,FRESH,FRESH
2016-06-14,1,2.2938,2.3886,4,EXTENDED,EXTENDED
2016-06-15,-1,,,0,UNDEF,UNDEF
2016-06-16,-1,,,0,UNDEF,UNDEF
2016-06-17,,,,,,
2016-06-20,1,0.3490,0.4698,2,FRESH,FRESH
2016-06-21,-1,,,0,UNDEF,UNDEF
2016-06-22,1,0.0000,0.2428,1,FRESH,FRESH
2016-06-23,1,1.8482,1.9702,4,MID,MID
2016-06-24,,,,,,
2016-06-27,,,,,,
2016-06-28,,,,,,
2016-06-29,0,-0.7866,-0.6944,1,OPPOSED,OPPOSED
2016-06-30,1,1.4532,1.5063,3,MID,MID
2016-07-01,-1,,,0,UNDEF,UNDEF
2016-07-04,,,,,,
2016-07-05,1,0.5120,0.5557,1,FRESH,FRESH
2016-07-06,-1,,,0,UNDEF,UNDEF
2016-07-07,,,,,,
2016-07-08,1,0.0839,0.1583,1,FRESH,FRESH
2016-07-11,,,,,,
2016-07-12,1,1.0000,1.0340,2,FRESH,MID
2016-07-13,,,,,,
2016-07-14,-1,,,0,UNDEF,UNDEF
2016-07-15,1,0.7502,0.8562,2,FRESH,FRESH
2016-07-18,,,,,,
2016-07-19,,,,,,
2016-07-20,,,,,,
2016-07-21,,,,,,
2016-07-22,,,,,,
2016-07-25,1,0.0904,0.1218,1,FRESH,FRESH
2016-07-26,,,,,,
2016-07-27,,,,,,
2016-07-28,1,0.0420,0.0769,1,FRESH,FRESH
2016-07-29,1,0.6414,0.8236,1,FRESH,FRESH
2016-08-01,1,0.7897,0.9631,6,FRESH,FRESH
2016-08-02,1,1.1372,1.1612,1,MID,MID
2016-08-03,,,,,,
2016-08-04,,,,,,
2016-08-05,-1,,,0,UNDEF,UNDEF
2016-08-08,1,1.0233,1.0262,1,MID,MID
2016-08-09,-1,,,0,UNDEF,UNDEF
2016-08-10,-1,,,0,UNDEF,UNDEF
2016-08-11,1,0.3583,0.4268,5,FRESH,FRESH
2016-08-12,,,,,,
2016-08-15,1,1.6842,1.6981,4,MID,MID
2016-08-16,0,1.3727,1.6667,2,OPPOSED,OPPOSED
2016-08-17,,,,,,
2016-08-18,,,,,,
2016-08-19,,,,,,
2016-08-22,,,,,,
2016-08-23,,,,,,
2016-08-24,1,0.0000,3.7251,4,FRESH,EXTENDED
2016-08-25,1,1.1168,1.1880,1,MID,MID
2016-08-26,1,1.3120,4.4791,6,MID,EXTENDED
2016-08-29,,,,,,
2016-08-30,-1,,,0,UNDEF,UNDEF
2016-08-31,1,0.9103,0.9217,1,FRESH,FRESH
2016-09-01,1,0.3870,0.4025,1,FRESH,FRESH
2016-09-02,,,,,,
2016-09-05,-1,,,0,UNDEF,UNDEF
2016-09-06,1,0.3693,0.4830,1,FRESH,FRESH
2016-09-07,,,,,,
2016-09-08,-1,,,0,UNDEF,UNDEF
2016-09-09,1,0.7407,0.7531,1,FRESH,FRESH
2016-09-12,1,0.9077,0.9646,3,FRESH,FRESH
2016-09-13,1,0.8243,0.9046,2,FRESH,FRESH
2016-09-14,,,,,,
2016-09-15,-1,,,0,UNDEF,UNDEF
2016-09-16,1,0.3129,0.3188,2,FRESH,FRESH
2016-09-19,,,,,,
2016-09-20,,,,,,
2016-09-21,1,0.4736,0.5693,1,FRESH,FRESH
2016-09-22,1,0.0000,0.6284,6,FRESH,FRESH
2016-09-23,1,0.7500,0.7594,1,FRESH,FRESH
2016-09-26,1,1.1933,1.4033,1,MID,MID
2016-09-27,,,,,,
2016-09-28,-1,,,0,UNDEF,UNDEF
2016-09-29,1,0.6352,0.7172,1,FRESH,FRESH
2016-09-30,1,2.2674,2.7442,4,EXTENDED,EXTENDED
2016-10-03,1,0.4820,0.4928,2,FRESH,FRESH
2016-10-04,1,0.5455,0.6798,1,FRESH,FRESH
2016-10-05,1,0.3926,0.4053,7,FRESH,FRESH
2016-10-06,-1,,,0,UNDEF,UNDEF
2016-10-07,1,2.3204,2.4559,6,EXTENDED,EXTENDED
2016-10-10,,,,,,
2016-10-11,1,1.8341,1.8428,2,MID,MID
2016-10-12,1,0.9169,0.9318,2,FRESH,FRESH
2016-10-13,,,,,,
2016-10-14,1,0.4309,0.8883,10,FRESH,FRESH
2016-10-17,,,,,,
2016-10-18,1,0.0135,0.0169,1,FRESH,FRESH
2016-10-19,1,2.0743,2.1139,1,EXTENDED,EXTENDED
2016-10-20,1,0.8792,0.8958,4,FRESH,FRESH
2016-10-21,,,,,,
2016-10-24,,,,,,
2016-10-25,,,,,,
2016-10-26,,,,,,
2016-10-27,,,,,,
2016-10-28,,,,,,
2016-10-31,,,,,,
2016-11-01,-1,,,0,UNDEF,UNDEF
2016-11-02,-1,,,0,UNDEF,UNDEF
2016-11-03,,,,,,
2016-11-04,1,0.7463,0.9620,3,FRESH,FRESH
2016-11-07,1,-0.2485,-0.1956,1,FRESH,FRESH
2016-11-08,1,1.8817,1.8935,2,MID,MID
2016-11-09,,,,,,
2016-11-10,1,1.3944,1.4083,2,MID,MID
2016-11-11,1,0.6774,0.7999,3,FRESH,FRESH
2016-11-14,1,0.6979,0.7566,4,FRESH,FRESH
2016-11-15,1,0.5308,0.5978,4,FRESH,FRESH
2016-11-16,1,0.5927,0.6321,1,FRESH,FRESH
2016-11-17,1,2.3124,2.3449,4,EXTENDED,EXTENDED
2016-11-18,-1,,,0,UNDEF,UNDEF
2016-11-21,,,,,,
2016-11-22,,,,,,
2016-11-23,-1,,,0,UNDEF,UNDEF
2016-11-24,1,0.3639,0.4444,1,FRESH,FRESH
2016-11-25,,,,,,
2016-11-28,,,,,,
2016-11-29,,,,,,
2016-11-30,-1,,,0,UNDEF,UNDEF
2016-12-01,,,,,,
2016-12-02,1,0.5702,0.6170,1,FRESH,FRESH
2016-12-05,,,,,,
2016-12-06,,,,,,
2016-12-07,,,,,,
2016-12-08,,,,,,
2016-12-09,1,1.3996,1.4369,2,MID,MID
2016-12-12,1,1.3748,1.3765,1,MID,MID
2016-12-13,-1,,,0,UNDEF,UNDEF
2016-12-14,,,,,,
2016-12-15,1,0.6874,0.7391,1,FRESH,FRESH
2016-12-16,,,,,,
2016-12-19,1,0.0000,0.0448,4,FRESH,FRESH
2016-12-20,,,,,,
2016-12-21,,,,,,
2016-12-22,-1,,,0,UNDEF,UNDEF
2016-12-23,,,,,,
2016-12-27,-1,,,0,UNDEF,UNDEF
2016-12-28,-1,,,0,UNDEF,UNDEF
2016-12-29,-1,,,0,UNDEF,UNDEF
2016-12-30,,,,,,
2017-01-03,,,,,,
2017-01-04,-1,,,0,UNDEF,UNDEF
2017-01-05,-1,,,0,UNDEF,UNDEF
2017-01-06,,,,,,
2017-01-09,1,0.4404,0.4545,1,FRESH,FRESH
2017-01-10,-1,,,0,UNDEF,UNDEF
2017-01-11,-1,,,0,UNDEF,UNDEF
2017-01-12,,,,,,
2017-01-17,,,,,,
2017-01-19,1,0.7674,0.8292,2,FRESH,FRESH
2017-01-20,-1,,,0,UNDEF,UNDEF
2017-01-23,,,,,,
2017-01-24,,,,,,
2017-01-25,-1,,,0,UNDEF,UNDEF
2017-01-26,-1,,,0,UNDEF,UNDEF
2017-01-27,-1,,,0,UNDEF,UNDEF
2017-01-30,1,0.0000,0.0690,1,FRESH,FRESH
2017-01-31,1,0.6839,0.6860,2,FRESH,FRESH
2017-02-01,,,,,,
2017-02-02,1,0.2127,0.2534,2,FRESH,FRESH
2017-02-03,1,0.3151,0.3322,4,FRESH,FRESH
2017-02-06,1,0.3350,0.3504,2,FRESH,FRESH
2017-02-07,1,2.8305,2.8575,8,EXTENDED,EXTENDED
2017-02-08,1,1.2926,1.3074,2,MID,MID
2017-02-09,1,0.5531,0.7095,2,FRESH,FRESH
2017-02-10,-1,,,0,UNDEF,UNDEF
2017-02-13,,,,,,
2017-02-14,1,0.0000,0.0596,5,FRESH,FRESH
2017-02-15,-1,,,0,UNDEF,UNDEF
2017-02-16,1,1.1581,1.1966,2,MID,MID
2017-02-17,1,0.9756,1.2341,4,FRESH,MID
2017-02-20,,,,,,
2017-02-21,1,0.0000,0.0710,1,FRESH,FRESH
2017-02-22,-1,,,0,UNDEF,UNDEF
2017-02-23,1,0.9965,1.0140,1,FRESH,MID
2017-02-24,-1,,,0,UNDEF,UNDEF
2017-02-27,1,1.3493,1.5072,6,MID,MID
2017-02-28,-1,,,0,UNDEF,UNDEF
2017-03-01,1,0.9524,0.9940,2,FRESH,FRESH
2017-03-02,-1,,,0,UNDEF,UNDEF
2017-03-03,-1,,,0,UNDEF,UNDEF
2017-03-06,-1,,,0,UNDEF,UNDEF
2017-03-07,1,0.3013,0.4167,1,FRESH,FRESH
2017-03-08,1,0.8299,0.8322,1,FRESH,FRESH
2017-03-09,1,0.1961,0.2824,2,FRESH,FRESH
2017-03-10,-1,,,0,UNDEF,UNDEF
2017-03-13,,,,,,
2017-03-14,,,,,,
2017-03-15,1,0.2708,0.3191,3,FRESH,FRESH
2017-03-16,-1,,,0,UNDEF,UNDEF
2017-03-17,-1,,,0,UNDEF,UNDEF
2017-03-20,-1,,,0,UNDEF,UNDEF
2017-03-21,1,0.7981,0.8519,1,FRESH,FRESH
2017-03-22,1,0.0000,0.2560,1,FRESH,FRESH
2017-03-23,-1,,,0,UNDEF,UNDEF
2017-03-24,,,,,,
2017-03-27,-1,,,0,UNDEF,UNDEF
2017-03-28,1,1.0857,1.1143,4,MID,MID
2017-03-29,,,,,,
2017-03-30,0,0.0657,0.1898,2,OPPOSED,OPPOSED
2017-03-31,,,,,,
2017-04-03,,,,,,
2017-04-04,-1,,,0,UNDEF,UNDEF
2017-04-05,1,0.6405,0.6471,1,FRESH,FRESH
2017-04-06,-1,,,0,UNDEF,UNDEF
2017-04-07,-1,,,0,UNDEF,UNDEF
2017-04-10,0,0.4070,0.4070,5,OPPOSED,OPPOSED
2017-04-11,,,,,,
2017-04-12,,,,,,
2017-04-13,1,1.5610,1.5915,2,MID,MID
2017-04-17,,,,,,
2017-04-18,1,0.9194,1.1398,1,FRESH,MID
2017-04-19,,,,,,
2017-04-20,1,0.0000,0.0340,1,FRESH,FRESH
2017-04-21,1,0.0000,0.0099,1,FRESH,FRESH
2017-04-24,,,,,,
2017-04-25,-1,,,0,UNDEF,UNDEF
2017-04-26,,,,,,
2017-04-27,-1,,,0,UNDEF,UNDEF
2017-04-28,,,,,,
2017-05-01,,,,,,
2017-05-02,1,0.3684,0.6579,1,FRESH,FRESH
2017-05-03,-1,,,0,UNDEF,UNDEF
2017-05-04,1,0.3299,0.4264,1,FRESH,FRESH
2017-05-05,,,,,,
2017-05-08,,,,,,
2017-05-09,1,0.4482,0.5117,1,FRESH,FRESH
2017-05-10,1,1.3698,1.4271,6,MID,MID
2017-05-11,,,,,,
2017-05-12,-1,,,0,UNDEF,UNDEF
2017-05-15,-1,,,0,UNDEF,UNDEF
2017-05-16,-1,,,0,UNDEF,UNDEF
2017-05-17,-1,,,0,UNDEF,UNDEF
2017-05-18,1,2.1080,2.3110,2,EXTENDED,EXTENDED
2017-05-19,1,0.4960,0.5160,1,FRESH,FRESH
2017-05-22,1,0.7517,0.8759,1,FRESH,FRESH
2017-05-23,,,,,,
2017-05-24,1,0.4839,0.5484,1,FRESH,FRESH
2017-05-25,,,,,,
2017-05-26,-1,,,0,UNDEF,UNDEF
2017-05-29,,,,,,
2017-05-30,,,,,,
2017-05-31,,,,,,
2017-06-01,,,,,,
2017-06-02,,,,,,
2017-06-05,1,0.0000,0.3573,5,FRESH,FRESH
2017-06-06,-1,,,0,UNDEF,UNDEF
2017-06-07,,,,,,
2017-06-08,0,-0.4770,-0.3442,2,OPPOSED,OPPOSED
2017-06-09,-1,,,0,UNDEF,UNDEF
2017-06-12,-1,,,0,UNDEF,UNDEF
2017-06-13,1,0.8364,0.8636,1,FRESH,FRESH
2017-06-14,1,0.4319,0.4859,3,FRESH,FRESH
2017-06-15,1,0.4076,0.4185,1,FRESH,FRESH
2017-06-16,-1,,,0,UNDEF,UNDEF
2017-06-19,1,0.0000,0.0196,1,FRESH,FRESH
2017-06-20,1,2.2706,2.3069,4,EXTENDED,EXTENDED
2017-06-21,1,1.7751,1.7799,2,MID,MID
2017-06-22,,,,,,
2017-06-23,-1,,,0,UNDEF,UNDEF
2017-06-26,,,,,,
2017-06-27,,,,,,
2017-06-28,1,0.0000,0.1591,1,FRESH,FRESH
2017-06-29,,,,,,
2017-06-30,1,0.2091,0.2682,1,FRESH,FRESH
2017-07-03,-1,,,0,UNDEF,UNDEF
2017-07-04,,,,,,
2017-07-05,1,0.0596,0.0987,1,FRESH,FRESH
2017-07-06,1,0.0417,0.0816,1,FRESH,FRESH
2017-07-07,1,1.5341,1.7923,2,MID,MID
2017-07-10,-1,,,0,UNDEF,UNDEF
2017-07-11,-1,,,0,UNDEF,UNDEF
2017-07-12,-1,,,0,UNDEF,UNDEF
2017-07-13,-1,,,0,UNDEF,UNDEF
2017-07-14,,,,,,
2017-07-17,1,0.4384,0.4778,2,FRESH,FRESH
2017-07-18,-1,,,0,UNDEF,UNDEF
2017-07-19,1,0.8944,0.9366,6,FRESH,FRESH
2017-07-20,1,0.0920,0.9000,4,FRESH,FRESH
2017-07-21,-1,,,0,UNDEF,UNDEF
2017-07-24,1,1.8522,1.9024,2,MID,MID
2017-07-25,-1,,,0,UNDEF,UNDEF
2017-07-26,-1,,,0,UNDEF,UNDEF
2017-07-27,1,0.5129,0.5166,2,FRESH,FRESH
2017-07-28,1,0.9405,0.9887,3,FRESH,FRESH
2017-07-31,,,,,,
2017-08-01,1,3.3676,3.3892,4,EXTENDED,EXTENDED
2017-08-02,,,,,,
2017-08-03,,,,,,
2017-08-04,,,,,,
2017-08-07,1,0.5873,0.5873,1,FRESH,FRESH
2017-08-08,1,2.9977,3.0460,2,EXTENDED,EXTENDED
2017-08-09,-1,,,0,UNDEF,UNDEF
2017-08-10,-1,,,0,UNDEF,UNDEF
2017-08-11,1,0.0000,0.9366,3,FRESH,FRESH
2017-08-14,,,,,,
2017-08-15,-1,,,0,UNDEF,UNDEF
2017-08-16,1,1.0877,1.1123,1,MID,MID
2017-08-17,-1,,,0,UNDEF,UNDEF
2017-08-18,1,2.7202,2.8214,1,EXTENDED,EXTENDED
2017-08-21,-1,,,0,UNDEF,UNDEF
2017-08-22,,,,,,
2017-08-23,,,,,,
2017-08-24,,,,,,
2017-08-25,,,,,,
2017-08-28,-1,,,0,UNDEF,UNDEF
2017-08-29,1,0.5013,0.5130,1,FRESH,FRESH
2017-08-30,,,,,,
2017-08-31,,,,,,
2017-09-01,1,0.0000,4.0686,6,FRESH,EXTENDED
2017-09-04,1,0.3263,0.4222,1,FRESH,FRESH
2017-09-05,,,,,,
2017-09-06,,,,,,
2017-09-07,-1,,,0,UNDEF,UNDEF
2017-09-08,-1,,,0,UNDEF,UNDEF
2017-09-11,1,0.7451,0.7712,3,FRESH,FRESH
2017-09-12,1,0.4728,0.6122,2,FRESH,FRESH
2017-09-13,1,1.1058,1.1756,2,MID,MID
2017-09-14,1,0.0000,1.7719,4,FRESH,MID
2017-09-15,,,,,,
2017-09-18,1,0.3941,0.4144,1,FRESH,FRESH
2017-09-19,1,1.6399,1.6759,6,MID,MID
2017-09-20,,,,,,
2017-09-21,1,0.0000,0.2517,1,FRESH,FRESH
2017-09-22,,,,,,
2017-09-25,,,,,,
2017-09-26,,,,,,
2017-09-27,1,1.1843,1.2111,1,MID,MID
2017-09-28,-1,,,0,UNDEF,UNDEF
2017-09-29,-1,,,0,UNDEF,UNDEF
2017-10-02,-1,,,0,UNDEF,UNDEF
2017-10-03,,,,,,
2017-10-04,,,,,,
2017-10-05,,,,,,
2017-10-06,1,0.0000,0.7795,4,FRESH,FRESH
2017-10-09,,,,,,
2017-10-10,-1,,,0,UNDEF,UNDEF
2017-10-11,,,,,,
2017-10-12,-1,,,0,UNDEF,UNDEF
2017-10-13,-1,,,0,UNDEF,UNDEF
2017-10-16,1,0.4754,0.5130,1,FRESH,FRESH
2017-10-17,,,,,,
2017-10-18,-1,,,0,UNDEF,UNDEF
2017-10-19,,,,,,
2017-10-20,,,,,,
2017-10-23,1,0.0000,0.0638,1,FRESH,FRESH
2017-10-24,1,0.7418,0.7804,1,FRESH,FRESH
2017-10-25,-1,,,0,UNDEF,UNDEF
2017-10-26,,,,,,
2017-10-27,1,0.6106,0.6760,1,FRESH,FRESH
2017-10-30,-1,,,0,UNDEF,UNDEF
2017-10-31,-1,,,0,UNDEF,UNDEF
2017-11-01,,,,,,
2017-11-02,1,1.5678,1.6341,2,MID,MID
2017-11-03,,,,,,
2017-11-06,,,,,,
2017-11-07,,,,,,
2017-11-08,1,0.8563,0.9401,2,FRESH,FRESH
2017-11-09,-1,,,0,UNDEF,UNDEF
2017-11-10,,,,,,
2017-11-13,,,,,,
2017-11-14,1,1.5547,1.5985,1,MID,MID
2017-11-15,0,0.1787,1.0943,6,OPPOSED,OPPOSED
2017-11-16,,,,,,
2017-11-17,1,0.0000,0.0051,1,FRESH,FRESH
2017-11-20,,,,,,
2017-11-21,1,1.3746,1.4897,1,MID,MID
2017-11-22,,,,,,
2017-11-23,1,2.4765,2.5168,3,EXTENDED,EXTENDED
2017-11-24,,,,,,
2017-11-27,-1,,,0,UNDEF,UNDEF
2017-11-28,,,,,,
2017-11-29,-1,,,0,UNDEF,UNDEF
2017-11-30,1,0.0000,0.2091,1,FRESH,FRESH
2017-12-01,1,0.1915,0.8723,6,FRESH,FRESH
2017-12-04,1,0.4971,0.5965,1,FRESH,FRESH
2017-12-05,1,0.7179,0.8168,2,FRESH,FRESH
2017-12-06,1,0.6631,0.9730,3,FRESH,FRESH
2017-12-07,-1,,,0,UNDEF,UNDEF
2017-12-08,1,0.8617,0.9842,1,FRESH,FRESH
2017-12-11,1,1.6892,1.7770,6,MID,MID
2017-12-12,1,1.5079,1.5079,1,MID,MID
2017-12-13,1,0.2286,0.2643,1,FRESH,FRESH
2017-12-14,,,,,,
2017-12-15,-1,,,0,UNDEF,UNDEF
2017-12-18,-1,,,0,UNDEF,UNDEF
2017-12-19,-1,,,0,UNDEF,UNDEF
2017-12-20,1,0.0342,0.0712,1,FRESH,FRESH
2017-12-21,,,,,,
2017-12-22,-1,,,0,UNDEF,UNDEF
2017-12-26,-1,,,0,UNDEF,UNDEF
2017-12-27,1,0.0000,0.2410,1,FRESH,FRESH
2017-12-28,-1,,,0,UNDEF,UNDEF
2017-12-29,1,0.2479,0.2645,2,FRESH,FRESH
2018-01-02,-1,,,0,UNDEF,UNDEF
2018-01-03,,,,,,
2018-01-04,1,0.4125,0.4267,1,FRESH,FRESH
2018-01-05,,,,,,
2018-01-08,,,,,,
2018-01-09,,,,,,
2018-01-10,,,,,,
2018-01-11,1,1.3133,1.3176,2,MID,MID
2018-01-12,-1,,,0,UNDEF,UNDEF
2018-01-15,,,,,,
2018-01-16,,,,,,
2018-01-17,,,,,,
2018-01-18,,,,,,
2018-01-19,,,,,,
2018-01-22,,,,,,
2018-01-23,-1,,,0,UNDEF,UNDEF
2018-01-24,-1,,,0,UNDEF,UNDEF
2018-01-25,-1,,,0,UNDEF,UNDEF
2018-01-26,-1,,,0,UNDEF,UNDEF
2018-01-29,-1,,,0,UNDEF,UNDEF
2018-01-30,,,,,,
2018-01-31,,,,,,
2018-02-01,,,,,,
2018-02-02,,,,,,
2018-02-05,,,,,,
2018-02-06,,,,,,
2018-02-07,1,1.4131,1.4274,1,MID,MID
2018-02-08,-1,,,0,UNDEF,UNDEF
2018-02-09,1,0.3752,0.5129,1,FRESH,FRESH
2018-02-12,,,,,,
2018-02-13,1,0.1399,0.1524,1,FRESH,FRESH
2018-02-14,1,2.8162,3.3312,2,EXTENDED,EXTENDED
2018-02-15,1,0.3416,0.3452,1,FRESH,FRESH
2018-02-16,-1,,,0,UNDEF,UNDEF
2018-02-19,1,0.1059,0.1216,1,FRESH,FRESH
2018-02-20,-1,,,0,UNDEF,UNDEF
2018-02-21,,,,,,
2018-02-22,-1,,,0,UNDEF,UNDEF
2018-02-23,-1,,,0,UNDEF,UNDEF
2018-02-26,-1,,,0,UNDEF,UNDEF
2018-02-27,,,,,,
2018-02-28,,,,,,
2018-03-01,-1,,,0,UNDEF,UNDEF
2018-03-02,1,-0.3785,-0.2890,8,FRESH,FRESH
2018-03-05,-1,,,0,UNDEF,UNDEF
2018-03-06,-1,,,0,UNDEF,UNDEF
2018-03-07,,,,,,
2018-03-08,1,0.5289,0.6089,3,FRESH,FRESH
2018-03-09,1,0.5313,0.5547,1,FRESH,FRESH
2018-03-12,1,0.5782,0.7347,1,FRESH,FRESH
2018-03-13,-1,,,0,UNDEF,UNDEF
2018-03-14,,,,,,
2018-03-15,,,,,,
2018-03-16,1,3.1802,3.1984,2,EXTENDED,EXTENDED
2018-03-19,-1,,,0,UNDEF,UNDEF
2018-03-20,,,,,,
2018-03-21,,,,,,
2018-03-22,,,,,,
2018-03-23,-1,,,0,UNDEF,UNDEF
2018-03-26,1,2.0302,2.0397,2,EXTENDED,EXTENDED
2018-03-27,1,0.5826,0.6009,1,FRESH,FRESH
2018-03-28,,,,,,
2018-03-29,1,1.2651,1.2884,1,MID,MID
2018-04-02,,,,,,
2018-04-03,,,,,,
2018-04-04,,,,,,
2018-04-05,1,-0.8759,-0.6204,1,FRESH,FRESH
2018-04-06,-1,,,0,UNDEF,UNDEF
2018-04-09,1,0.0000,0.5692,4,FRESH,FRESH
2018-04-10,1,0.6943,0.7019,4,FRESH,FRESH
2018-04-11,-1,,,0,UNDEF,UNDEF
2018-04-12,,,,,,
2018-04-13,,,,,,
2018-04-16,1,0.9089,0.9393,2,FRESH,FRESH
2018-04-17,,,,,,
2018-04-18,,,,,,
2018-04-19,-1,,,0,UNDEF,UNDEF
2018-04-20,-1,,,0,UNDEF,UNDEF
2018-04-23,1,0.6507,0.9413,1,FRESH,FRESH
2018-04-24,,,,,,
2018-04-25,-1,,,0,UNDEF,UNDEF
2018-04-26,1,0.9239,0.9775,8,FRESH,FRESH
2018-04-27,,,,,,
2018-04-30,,,,,,
2018-05-01,-1,,,0,UNDEF,UNDEF
2018-05-02,,,,,,
2018-05-03,,,,,,
2018-05-04,1,0.0000,2.0225,4,FRESH,EXTENDED
2018-05-07,,,,,,
2018-05-08,0,0.3067,0.4812,3,OPPOSED,OPPOSED
2018-05-09,-1,,,0,UNDEF,UNDEF
2018-05-10,1,1.0022,1.1598,2,MID,MID
2018-05-11,1,1.3729,1.4884,1,MID,MID
2018-05-14,,,,,,
2018-05-15,-1,,,0,UNDEF,UNDEF
2018-05-16,1,1.8333,1.8452,2,MID,MID
2018-05-17,1,0.5870,0.6394,1,FRESH,FRESH
2018-05-18,1,0.9605,1.0987,4,FRESH,MID
2018-05-21,-1,,,0,UNDEF,UNDEF
2018-05-22,-1,,,0,UNDEF,UNDEF
2018-05-23,1,1.7495,1.7732,2,MID,MID
2018-05-24,-1,,,0,UNDEF,UNDEF
2018-05-25,1,0.8645,0.8926,1,FRESH,FRESH
2018-05-28,,,,,,
2018-05-29,1,0.2951,0.2974,1,FRESH,FRESH
2018-05-30,,,,,,
2018-05-31,-1,,,0,UNDEF,UNDEF
2018-06-01,1,0.4170,0.5124,2,FRESH,FRESH
2018-06-04,-1,,,0,UNDEF,UNDEF
2018-06-05,1,0.0000,0.0267,1,FRESH,FRESH
2018-06-06,1,0.8952,0.9143,1,FRESH,FRESH
2018-06-07,-1,,,0,UNDEF,UNDEF
2018-06-08,,,,,,
2018-06-11,,,,,,
2018-06-12,,,,,,
2018-06-13,-1,,,0,UNDEF,UNDEF
2018-06-14,,,,,,
2018-06-15,,,,,,
2018-06-18,,,,,,
2018-06-19,1,0.7761,0.8076,3,FRESH,FRESH
2018-06-20,1,0.4348,0.4534,1,FRESH,FRESH
2018-06-21,-1,,,0,UNDEF,UNDEF
2018-06-22,,,,,,
2018-06-25,,,,,,
2018-06-26,-1,,,0,UNDEF,UNDEF
2018-06-27,1,1.1751,1.1931,4,MID,MID
2018-06-28,-1,,,0,UNDEF,UNDEF
2018-06-29,,,,,,
2018-07-02,0,0.3568,0.4054,2,OPPOSED,OPPOSED
2018-07-03,,,,,,
2018-07-04,-1,,,0,UNDEF,UNDEF
2018-07-05,1,1.4943,1.5000,5,MID,MID
2018-07-06,,,,,,
2018-07-09,-1,,,0,UNDEF,UNDEF
2018-07-10,,,,,,
2018-07-11,1,0.1383,0.1780,1,FRESH,FRESH
2018-07-12,,,,,,
2018-07-13,-1,,,0,UNDEF,UNDEF
2018-07-16,1,1.2576,1.2828,3,MID,MID
2018-07-17,1,2.7624,2.7694,2,EXTENDED,EXTENDED
2018-07-18,1,0.0000,0.3696,1,FRESH,FRESH
2018-07-19,-1,,,0,UNDEF,UNDEF
2018-07-20,,,,,,
2018-07-23,,,,,,
2018-07-24,,,,,,
2018-07-25,,,,,,
2018-07-26,,,,,,
2018-07-27,1,2.2452,2.2490,4,EXTENDED,EXTENDED
2018-07-30,-1,,,0,UNDEF,UNDEF
2018-07-31,1,0.9024,0.9683,1,FRESH,FRESH
2018-08-01,,,,,,
2018-08-02,1,0.6619,0.6743,1,FRESH,FRESH
2018-08-03,-1,,,0,UNDEF,UNDEF
2018-08-06,1,0.0000,0.0155,1,FRESH,FRESH
2018-08-07,,,,,,
2018-08-08,0,-0.7675,-0.7199,1,OPPOSED,OPPOSED
2018-08-09,1,0.0000,0.1621,1,FRESH,FRESH
2018-08-10,0,0.0357,0.0893,10,OPPOSED,OPPOSED
2018-08-13,-1,,,0,UNDEF,UNDEF
2018-08-14,,,,,,
2018-08-15,-1,,,0,UNDEF,UNDEF
2018-08-16,,,,,,
2018-08-17,,,,,,
2018-08-20,-1,,,0,UNDEF,UNDEF
2018-08-21,-1,,,0,UNDEF,UNDEF
2018-08-22,1,2.3155,2.3502,2,EXTENDED,EXTENDED
2018-08-23,0,-0.6176,-0.5893,4,OPPOSED,OPPOSED
2018-08-24,,,,,,
2018-08-27,1,1.0112,1.2247,2,MID,MID
2018-08-28,1,0.7466,0.9683,1,FRESH,FRESH
2018-08-29,1,1.0324,1.1197,2,MID,MID
2018-08-30,,,,,,
2018-08-31,,,,,,
2018-09-03,,,,,,
2018-09-04,1,0.3962,0.5399,1,FRESH,FRESH
2018-09-05,,,,,,
2018-09-06,0,1.4094,1.9298,10,OPPOSED,OPPOSED
2018-09-07,,,,,,
2018-09-10,-1,,,0,UNDEF,UNDEF
2018-09-11,1,0.0000,0.3671,4,FRESH,FRESH
2018-09-12,,,,,,
2018-09-13,1,1.3270,1.3683,5,MID,MID
2018-09-14,-1,,,0,UNDEF,UNDEF
2018-09-17,,,,,,
2018-09-18,1,-0.1933,-0.0756,5,FRESH,FRESH
2018-09-19,1,-0.7627,-0.7525,1,FRESH,FRESH
2018-09-20,1,2.0171,2.0571,2,EXTENDED,EXTENDED
2018-09-21,1,0.0000,0.0882,1,FRESH,FRESH
2018-09-24,1,0.1791,0.2000,1,FRESH,FRESH
2018-09-25,,,,,,
2018-09-26,,,,,,
2018-09-27,1,0.9492,1.0051,1,FRESH,MID
2018-09-28,1,0.2614,0.2941,1,FRESH,FRESH
2018-10-01,-1,,,0,UNDEF,UNDEF
2018-10-02,1,0.5231,0.5912,5,FRESH,FRESH
2018-10-03,,,,,,
2018-10-04,1,0.4138,0.4414,3,FRESH,FRESH
2018-10-05,0,0.8640,1.7280,6,OPPOSED,OPPOSED
2018-10-08,,,,,,
2018-10-09,1,0.9018,0.9748,1,FRESH,FRESH
2018-10-10,1,0.7634,0.8015,4,FRESH,FRESH
2018-10-11,,,,,,
2018-10-12,,,,,,
2018-10-15,-1,,,0,UNDEF,UNDEF
2018-10-16,1,0.5809,0.9670,5,FRESH,FRESH
2018-10-17,1,1.4941,1.5201,1,MID,MID
2018-10-18,1,2.5856,2.5894,9,EXTENDED,EXTENDED
2018-10-19,-1,,,0,UNDEF,UNDEF
2018-10-22,,,,,,
2018-10-23,,,,,,
2018-10-24,,,,,,
2018-10-25,-1,,,0,UNDEF,UNDEF
2018-10-26,,,,,,
2018-10-29,,,,,,
2018-10-30,-1,,,0,UNDEF,UNDEF
2018-10-31,-1,,,0,UNDEF,UNDEF
2018-11-01,,,,,,
2018-11-02,1,1.3598,1.3659,2,MID,MID
2018-11-05,,,,,,
2018-11-06,0,1.3841,1.4635,4,OPPOSED,OPPOSED
2018-11-07,,,,,,
2018-11-08,1,0.5370,0.6111,1,FRESH,FRESH
2018-11-09,1,0.3172,0.3621,2,FRESH,FRESH
2018-11-12,-1,,,0,UNDEF,UNDEF
2018-11-13,1,0.6345,0.6345,1,FRESH,FRESH
2018-11-14,-1,,,0,UNDEF,UNDEF
2018-11-15,-1,,,0,UNDEF,UNDEF
2018-11-16,1,0.5096,0.5616,1,FRESH,FRESH
2018-11-19,1,0.5341,0.5986,3,FRESH,FRESH
2018-11-20,1,0.4484,0.4690,1,FRESH,FRESH
2018-11-21,1,0.0000,0.1818,1,FRESH,FRESH
2018-11-22,-1,,,0,UNDEF,UNDEF
2018-11-23,,,,,,
2018-11-26,1,1.1916,1.2467,4,MID,MID
2018-11-27,1,0.0000,0.4719,1,FRESH,FRESH
2018-11-28,1,0.3504,0.4380,6,FRESH,FRESH
2018-11-29,-1,,,0,UNDEF,UNDEF
2018-11-30,,,,,,
2018-12-03,,,,,,
2018-12-04,-1,,,0,UNDEF,UNDEF
2018-12-05,,,,,,
2018-12-06,1,1.3173,1.3360,6,MID,MID
2018-12-07,1,0.7477,0.7568,2,FRESH,FRESH
2018-12-10,,,,,,
2018-12-11,-1,,,0,UNDEF,UNDEF
2018-12-12,,,,,,
2018-12-13,,,,,,
2018-12-14,-1,,,0,UNDEF,UNDEF
2018-12-17,,,,,,
2018-12-18,1,0.9897,1.0205,2,FRESH,MID
2018-12-19,1,1.9929,2.0747,5,MID,EXTENDED
2018-12-20,,,,,,
2018-12-21,1,1.0000,1.0421,1,FRESH,MID
2018-12-24,-1,,,0,UNDEF,UNDEF
2018-12-26,-1,,,0,UNDEF,UNDEF
2018-12-27,1,0.8484,0.8910,1,FRESH,FRESH
2018-12-28,-1,,,0,UNDEF,UNDEF
2018-12-31,1,0.3049,0.3354,1,FRESH,FRESH
2019-01-02,-1,,,0,UNDEF,UNDEF
2019-01-03,-1,,,0,UNDEF,UNDEF
2019-01-04,,,,,,
2019-01-07,,,,,,
2019-01-08,-1,,,0,UNDEF,UNDEF
2019-01-09,-1,,,0,UNDEF,UNDEF
2019-01-10,,,,,,
2019-01-11,-1,,,0,UNDEF,UNDEF
2019-01-14,,,,,,
2019-01-15,,,,,,
2019-01-16,,,,,,
2019-01-17,,,,,,
2019-01-18,,,,,,
2019-01-21,1,1.1707,1.2195,2,MID,MID
2019-01-22,,,,,,
2019-01-23,1,0.6207,0.7625,1,FRESH,FRESH
2019-01-24,0,1.1582,1.1877,2,OPPOSED,OPPOSED
2019-01-25,,,,,,
2019-01-28,,,,,,
2019-01-29,-1,,,0,UNDEF,UNDEF
2019-01-30,-1,,,0,UNDEF,UNDEF
2019-01-31,1,0.2616,0.4496,1,FRESH,FRESH
2019-02-01,1,1.3679,1.3928,1,MID,MID
2019-02-04,0,0.6930,0.7183,4,OPPOSED,OPPOSED
2019-02-05,1,0.9265,0.9461,1,FRESH,FRESH
2019-02-06,,,,,,
2019-02-07,,,,,,
2019-02-08,1,0.0794,0.0794,1,FRESH,FRESH
2019-02-11,,,,,,
2019-02-12,,,,,,
2019-02-13,-1,,,0,UNDEF,UNDEF
2019-02-14,1,1.0989,1.1319,2,MID,MID
2019-02-15,,,,,,
2019-02-18,1,0.5631,0.6480,2,FRESH,FRESH
2019-02-19,1,1.1677,1.3054,1,MID,MID
2019-02-20,,,,,,
2019-02-21,,,,,,
2019-02-22,1,1.2096,1.6186,2,MID,MID
2019-02-25,,,,,,
2019-02-26,1,0.4193,0.4901,1,FRESH,FRESH
2019-02-27,-1,,,0,UNDEF,UNDEF
2019-02-28,1,3.8575,3.8894,2,EXTENDED,EXTENDED
2019-03-01,-1,,,0,UNDEF,UNDEF
2019-03-04,-1,,,0,UNDEF,UNDEF
2019-03-05,1,0.5037,0.6309,1,FRESH,FRESH
2019-03-06,1,1.8882,1.9529,2,MID,MID
2019-03-07,-1,,,0,UNDEF,UNDEF
2019-03-08,,,,,,
2019-03-11,-1,,,0,UNDEF,UNDEF
2019-03-12,1,0.1825,0.2067,2,FRESH,FRESH
2019-03-13,-1,,,0,UNDEF,UNDEF
2019-03-14,,,,,,
2019-03-15,,,,,,
2019-03-18,1,0.4386,0.8313,1,FRESH,FRESH
2019-03-19,1,0.3810,0.4103,2,FRESH,FRESH
2019-03-20,1,2.3722,2.4385,2,EXTENDED,EXTENDED
2019-03-21,-1,,,0,UNDEF,UNDEF
2019-03-22,-1,,,0,UNDEF,UNDEF
2019-03-25,-1,,,0,UNDEF,UNDEF
2019-03-26,,,,,,
2019-03-27,1,0.3467,0.4020,1,FRESH,FRESH
2019-03-28,1,1.1558,1.2167,1,MID,MID
2019-03-29,1,0.0000,0.1756,1,FRESH,FRESH
2019-04-01,1,0.9368,1.0632,1,FRESH,MID
2019-04-02,,,,,,
2019-04-03,,,,,,
2019-04-04,,,,,,
2019-04-05,-1,,,0,UNDEF,UNDEF
2019-04-08,-1,,,0,UNDEF,UNDEF
2019-04-09,1,0.8464,0.8899,2,FRESH,FRESH
2019-04-10,1,0.7638,0.7839,5,FRESH,FRESH
2019-04-11,,,,,,
2019-04-12,1,0.7774,1.0212,6,FRESH,MID
2019-04-15,-1,,,0,UNDEF,UNDEF
2019-04-16,-1,,,0,UNDEF,UNDEF
2019-04-17,1,1.9205,1.9297,2,MID,MID
2019-04-18,-1,,,0,UNDEF,UNDEF
2019-04-22,,,,,,
2019-04-23,0,-0.3072,-0.2423,2,OPPOSED,OPPOSED
2019-04-24,,,,,,
2019-04-25,1,0.0522,0.1362,1,FRESH,FRESH
2019-04-26,-1,,,0,UNDEF,UNDEF
2019-04-29,,,,,,
2019-04-30,,,,,,
2019-05-02,1,0.0000,1.3744,9,FRESH,MID
2019-05-03,1,0.7213,0.9918,1,FRESH,FRESH
2019-05-06,,,,,,
2019-05-07,1,1.0117,1.1167,9,MID,MID
2019-05-08,-1,,,0,UNDEF,UNDEF
2019-05-09,,,,,,
2019-05-10,-1,,,0,UNDEF,UNDEF
2019-05-13,1,1.4478,1.8248,2,MID,MID
2019-05-14,,,,,,
2019-05-15,1,2.1006,2.1657,2,EXTENDED,EXTENDED
2019-05-16,1,0.3364,0.3364,2,FRESH,FRESH
2019-05-17,1,1.3366,1.4257,6,MID,MID
2019-05-20,-1,,,0,UNDEF,UNDEF
2019-05-21,-1,,,0,UNDEF,UNDEF
2019-05-22,-1,,,0,UNDEF,UNDEF
2019-05-23,,,,,,
2019-05-24,1,0.6897,0.9113,2,FRESH,FRESH
2019-05-27,,,,,,
2019-05-28,,,,,,
2019-05-29,,,,,,
2019-05-30,-1,,,0,UNDEF,UNDEF
2019-05-31,-1,,,0,UNDEF,UNDEF
2019-06-03,1,0.0000,0.1850,1,FRESH,FRESH
2019-06-04,1,0.8190,0.8770,1,FRESH,FRESH
2019-06-05,1,0.0000,0.3618,1,FRESH,FRESH
2019-06-06,1,0.0000,0.0199,1,FRESH,FRESH
2019-06-07,1,1.9043,1.9628,2,MID,MID
2019-06-10,-1,,,0,UNDEF,UNDEF
2019-06-11,1,0.2500,0.5833,1,FRESH,FRESH
2019-06-12,0,-0.6692,-0.4492,2,OPPOSED,OPPOSED
2019-06-13,1,0.0263,0.0489,1,FRESH,FRESH
2019-06-14,1,0.1267,0.1667,1,FRESH,FRESH
2019-06-17,,,,,,
2019-06-18,1,0.3815,0.9884,13,FRESH,FRESH
2019-06-19,-1,,,0,UNDEF,UNDEF
2019-06-20,,,,,,
2019-06-21,,,,,,
2019-06-24,1,1.0209,1.0557,1,MID,MID
2019-06-25,,,,,,
2019-06-26,,,,,,
2019-06-27,1,0.0000,0.0042,1,FRESH,FRESH
2019-06-28,,,,,,
2019-07-01,1,0.2876,0.2891,1,FRESH,FRESH
2019-07-02,,,,,,
2019-07-03,,,,,,
2019-07-04,,,,,,
2019-07-05,,,,,,
2019-07-08,,,,,,
2019-07-09,1,0.9180,1.0628,1,FRESH,MID
2019-07-10,-1,,,0,UNDEF,UNDEF
2019-07-11,,,,,,
2019-07-12,1,0.6091,0.7206,1,FRESH,FRESH
2019-07-15,,,,,,
2019-07-16,,,,,,
2019-07-17,1,0.5979,0.6392,3,FRESH,FRESH
2019-07-18,,,,,,
2019-07-19,,,,,,
2019-07-22,-1,,,0,UNDEF,UNDEF
2019-07-23,-1,,,0,UNDEF,UNDEF
2019-07-24,,,,,,
2019-07-25,1,0.9508,1.0000,1,FRESH,FRESH
2019-07-26,,,,,,
2019-07-29,,,,,,
2019-07-30,1,0.5077,0.7528,2,FRESH,FRESH
2019-07-31,1,0.5667,0.5691,1,FRESH,FRESH
2019-08-01,-1,,,0,UNDEF,UNDEF
2019-08-02,,,,,,
2019-08-05,-1,,,0,UNDEF,UNDEF
2019-08-06,,,,,,
2019-08-07,1,0.0000,0.0045,1,FRESH,FRESH
2019-08-08,,,,,,
2019-08-09,,,,,,
2019-08-12,1,3.7329,3.8075,2,EXTENDED,EXTENDED
2019-08-13,-1,,,0,UNDEF,UNDEF
2019-08-14,,,,,,
2019-08-15,,,,,,
2019-08-16,,,,,,
2019-08-19,1,0.1749,0.1939,3,FRESH,FRESH
2019-08-20,,,,,,
2019-08-21,,,,,,
2019-08-22,-1,,,0,UNDEF,UNDEF
2019-08-23,-1,,,0,UNDEF,UNDEF
2019-08-26,,,,,,
2019-08-27,1,0.0000,0.0416,1,FRESH,FRESH
2019-08-28,1,0.3077,0.4819,1,FRESH,FRESH
2019-08-29,1,0.0000,0.0543,1,FRESH,FRESH
2019-08-30,,,,,,
2019-09-02,-1,,,0,UNDEF,UNDEF
2019-09-03,,,,,,
2019-09-04,,,,,,
2019-09-05,,,,,,
2019-09-06,1,0.7989,0.8201,1,FRESH,FRESH
2019-09-09,1,1.6303,1.6768,3,MID,MID
2019-09-10,,,,,,
2019-09-11,,,,,,
2019-09-12,,,,,,
2019-09-13,1,0.5914,0.6667,1,FRESH,FRESH
2019-09-16,,,,,,
2019-09-17,,,,,,
2019-09-18,1,1.0506,1.2722,4,MID,MID
2019-09-19,,,,,,
2019-09-20,-1,,,0,UNDEF,UNDEF
2019-09-23,1,0.8521,0.8873,2,FRESH,FRESH
2019-09-24,1,0.5974,0.6156,5,FRESH,FRESH
2019-09-25,,,,,,
2019-09-26,1,1.0152,1.1186,3,MID,MID
2019-09-27,1,0.7791,0.8405,1,FRESH,FRESH
2019-09-30,-1,,,0,UNDEF,UNDEF
2019-10-01,-1,,,0,UNDEF,UNDEF
2019-10-02,-1,,,0,UNDEF,UNDEF
2019-10-03,1,1.0020,1.2037,1,MID,MID
2019-10-04,1,0.3126,0.3145,1,FRESH,FRESH
2019-10-07,,,,,,
2019-10-08,,,,,,
2019-10-09,1,0.6137,0.6192,1,FRESH,FRESH
2019-10-10,,,,,,
2019-10-11,1,3.2006,3.3135,2,EXTENDED,EXTENDED
2019-10-14,,,,,,
2019-10-15,,,,,,
2019-10-16,1,0.9752,1.0090,1,FRESH,MID
2019-10-17,1,0.9679,1.0107,5,FRESH,MID
2019-10-18,,,,,,
2019-10-21,,,,,,
2019-10-22,,,,,,
2019-10-23,0,1.4528,1.6189,3,OPPOSED,OPPOSED
2019-10-24,1,3.2901,3.3359,8,EXTENDED,EXTENDED
2019-10-25,1,0.0000,0.2368,1,FRESH,FRESH
2019-10-28,-1,,,0,UNDEF,UNDEF
2019-10-29,1,2.1107,2.1419,2,EXTENDED,EXTENDED
2019-10-30,,,,,,
2019-10-31,-1,,,0,UNDEF,UNDEF
2019-11-01,1,1.1127,1.1268,1,MID,MID
2019-11-04,1,1.8244,1.8329,5,MID,MID
2019-11-05,1,0.0041,0.0449,3,FRESH,FRESH
2019-11-06,,,,,,
2019-11-07,1,0.0000,1.5273,2,FRESH,MID
2019-11-08,1,0.5037,0.5795,6,FRESH,FRESH
2019-11-11,1,0.3787,0.5030,6,FRESH,FRESH
2019-11-12,-1,,,0,UNDEF,UNDEF
2019-11-13,0,0.3522,0.3588,5,OPPOSED,OPPOSED
2019-11-14,-1,,,0,UNDEF,UNDEF
2019-11-15,,,,,,
2019-11-18,0,2.4009,2.4456,2,OPPOSED,OPPOSED
2019-11-19,,,,,,
2019-11-20,1,0.8565,0.8750,2,FRESH,FRESH
2019-11-21,,,,,,
2019-11-22,1,1.8910,2.0962,14,MID,EXTENDED
2019-11-25,-1,,,0,UNDEF,UNDEF
2019-11-26,1,1.3872,1.4851,4,MID,MID
2019-11-27,,,,,,
2019-11-28,,,,,,
2019-11-29,,,,,,
2019-12-02,1,0.5132,0.5283,6,FRESH,FRESH
2019-12-03,1,1.2422,1.3533,1,MID,MID
2019-12-04,-1,,,0,UNDEF,UNDEF
2019-12-05,-1,,,0,UNDEF,UNDEF
2019-12-06,1,0.0000,0.8121,16,FRESH,FRESH
2019-12-09,,,,,,
2019-12-10,,,,,,
2019-12-11,,,,,,
2019-12-12,1,0.6154,0.6154,10,FRESH,FRESH
2019-12-13,,,,,,
2019-12-16,-1,,,0,UNDEF,UNDEF
2019-12-17,-1,,,0,UNDEF,UNDEF
2019-12-18,-1,,,0,UNDEF,UNDEF
2019-12-19,,,,,,
2019-12-20,-1,,,0,UNDEF,UNDEF
2019-12-23,-1,,,0,UNDEF,UNDEF
2019-12-24,-1,,,0,UNDEF,UNDEF
2019-12-26,-1,,,0,UNDEF,UNDEF
2019-12-27,1,1.1942,1.2589,4,MID,MID
2019-12-30,1,1.0127,1.1139,2,MID,MID
2019-12-31,-1,,,0,UNDEF,UNDEF
2020-01-02,1,0.1746,0.2618,2,FRESH,FRESH
2020-01-03,-1,,,0,UNDEF,UNDEF
2020-01-06,,,,,,
2020-01-07,-1,,,0,UNDEF,UNDEF
2020-01-08,,,,,,
2020-01-09,-1,,,0,UNDEF,UNDEF
2020-01-10,,,,,,
2020-01-13,,,,,,
2020-01-14,,,,,,
2020-01-15,1,0.2296,0.2523,4,FRESH,FRESH
2020-01-16,,,,,,
2020-01-17,-1,,,0,UNDEF,UNDEF
2020-01-20,-1,,,0,UNDEF,UNDEF
2020-01-21,,,,,,
2020-01-22,,,,,,
2020-01-23,,,,,,
2020-01-24,1,1.6074,1.6950,6,MID,MID
2020-01-27,,,,,,
2020-01-28,,,,,,
2020-01-29,,,,,,
2020-01-30,1,0.4639,0.4777,1,FRESH,FRESH
2020-01-31,1,0.4704,0.4783,1,FRESH,FRESH
2020-02-03,,,,,,
2020-02-04,-1,,,0,UNDEF,UNDEF
2020-02-05,1,1.1852,1.3171,1,MID,MID
2020-02-06,,,,,,
2020-02-07,1,1.3224,1.3598,4,MID,MID
2020-02-10,1,0.5184,0.5553,1,FRESH,FRESH
2020-02-11,1,1.2616,1.2848,3,MID,MID
2020-02-12,-1,,,0,UNDEF,UNDEF
2020-02-13,-1,,,0,UNDEF,UNDEF
2020-02-14,1,0.6511,0.6686,1,FRESH,FRESH
2020-02-17,,,,,,
2020-02-18,-1,,,0,UNDEF,UNDEF
2020-02-19,-1,,,0,UNDEF,UNDEF
2020-02-20,1,1.5546,1.5881,2,MID,MID
2020-02-21,-1,,,0,UNDEF,UNDEF
2020-02-24,1,0.4484,0.4768,1,FRESH,FRESH
2020-02-25,,,,,,
2020-02-26,1,2.3566,2.4668,2,EXTENDED,EXTENDED
2020-02-27,,,,,,
2020-02-28,-1,,,0,UNDEF,UNDEF
2020-03-02,,,,,,
2020-03-03,,,,,,
2020-03-04,,,,,,
2020-03-05,-1,,,0,UNDEF,UNDEF
2020-03-06,1,0.6563,0.8693,2,FRESH,FRESH
2020-03-09,,,,,,
2020-03-10,1,0.5251,0.6457,4,FRESH,FRESH
2020-03-11,1,1.7919,1.8432,4,MID,MID
2020-03-12,1,0.0000,0.9927,4,FRESH,FRESH
2020-03-13,1,1.3013,1.3268,1,MID,MID
2020-03-16,1,0.0000,0.2588,1,FRESH,FRESH
2020-03-17,-1,,,0,UNDEF,UNDEF
2020-03-18,-1,,,0,UNDEF,UNDEF
2020-03-19,,,,,,
2020-03-20,,,,,,
2020-03-23,1,1.5167,1.5808,2,MID,MID
2020-03-24,,,,,,
2020-03-25,,,,,,
2020-03-26,1,0.7131,0.7393,1,FRESH,FRESH
2020-03-27,,,,,,
2020-03-30,,,,,,
2020-03-31,0,1.6040,1.6872,2,OPPOSED,OPPOSED
2020-04-01,,,,,,
2020-04-02,,,,,,
2020-04-03,1,1.0661,1.1498,4,MID,MID
2020-04-06,1,0.0000,0.0563,1,FRESH,FRESH
2020-04-07,,,,,,
2020-04-08,-1,,,0,UNDEF,UNDEF
2020-04-09,1,0.0000,0.1865,1,FRESH,FRESH
2020-04-13,1,0.2225,0.2267,1,FRESH,FRESH
2020-04-14,1,0.9841,1.0699,1,FRESH,MID
2020-04-15,,,,,,
2020-04-16,1,0.4363,0.5558,1,FRESH,FRESH
2020-04-17,,,,,,
2020-04-20,,,,,,
2020-04-21,1,0.0000,0.1934,20,FRESH,FRESH
2020-04-22,,,,,,
2020-04-23,1,0.5617,0.5682,2,FRESH,FRESH
2020-04-24,1,0.8466,0.9513,1,FRESH,FRESH
2020-04-27,,,,,,
2020-04-28,-1,,,0,UNDEF,UNDEF
2020-04-29,1,1.2235,1.2282,1,MID,MID
2020-04-30,0,0.1997,0.2504,6,OPPOSED,OPPOSED
2020-05-01,1,0.7220,0.7301,1,FRESH,FRESH
2020-05-04,0,-0.0060,0.5863,4,OPPOSED,OPPOSED
2020-05-05,1,2.8524,3.0579,3,EXTENDED,EXTENDED
2020-05-06,1,0.5841,0.7431,3,FRESH,FRESH
2020-05-07,,,,,,
2020-05-08,1,0.2161,0.2161,1,FRESH,FRESH
2020-05-11,1,0.3668,0.4338,3,FRESH,FRESH
2020-05-12,,,,,,
2020-05-13,0,1.0478,1.5824,7,OPPOSED,OPPOSED
2020-05-14,1,0.5080,0.6430,7,FRESH,FRESH
2020-05-15,1,0.4122,0.4291,1,FRESH,FRESH
2020-05-18,-1,,,0,UNDEF,UNDEF
2020-05-19,,,,,,
2020-05-20,1,0.2647,0.3001,1,FRESH,FRESH
2020-05-21,0,0.0750,0.1144,2,OPPOSED,OPPOSED
2020-05-22,,,,,,
2020-05-25,-1,,,0,UNDEF,UNDEF
2020-05-26,1,0.6899,0.8551,1,FRESH,FRESH
2020-05-27,-1,,,0,UNDEF,UNDEF
2020-05-28,,,,,,
2020-05-29,-1,,,0,UNDEF,UNDEF
2020-06-01,-1,,,0,UNDEF,UNDEF
2020-06-02,1,0.4168,0.4247,4,FRESH,FRESH
2020-06-03,1,0.0908,0.1012,1,FRESH,FRESH
2020-06-04,,,,,,
2020-06-05,1,0.1808,0.1951,1,FRESH,FRESH
2020-06-08,,,,,,
2020-06-09,1,0.0000,0.0851,1,FRESH,FRESH
2020-06-10,-1,,,0,UNDEF,UNDEF
2020-06-11,1,2.4804,2.5059,3,EXTENDED,EXTENDED
2020-06-12,1,0.0000,0.2275,1,FRESH,FRESH
2020-06-15,,,,,,
2020-06-16,1,0.0000,0.1471,1,FRESH,FRESH
2020-06-17,0,0.6667,0.6846,6,OPPOSED,OPPOSED
2020-06-18,,,,,,
2020-06-19,,,,,,
2020-06-22,1,1.0614,1.0641,2,MID,MID
2020-06-23,1,0.7498,0.8792,1,FRESH,FRESH
2020-06-24,1,1.0946,1.1405,2,MID,MID
2020-06-25,1,0.1651,0.1699,1,FRESH,FRESH
2020-06-26,,,,,,
2020-06-29,,,,,,
2020-06-30,1,0.7107,0.8512,2,FRESH,FRESH
2020-07-01,-1,,,0,UNDEF,UNDEF
2020-07-02,-1,,,0,UNDEF,UNDEF
2020-07-03,,,,,,
2020-07-06,,,,,,
2020-07-07,1,4.1552,4.2860,8,EXTENDED,EXTENDED
2020-07-08,1,0.5509,0.5768,2,FRESH,FRESH
2020-07-09,-1,,,0,UNDEF,UNDEF
2020-07-10,1,2.4431,2.4593,4,EXTENDED,EXTENDED
2020-07-13,0,0.6553,1.0426,6,OPPOSED,OPPOSED
2020-07-14,0,-0.2520,-0.1555,5,OPPOSED,OPPOSED
2020-07-15,1,0.8630,0.8667,3,FRESH,FRESH
2020-07-16,,,,,,
2020-07-17,,,,,,
2020-07-20,-1,,,0,UNDEF,UNDEF
2020-07-21,1,0.0995,0.2715,1,FRESH,FRESH
2020-07-22,1,0.4176,0.4271,4,FRESH,FRESH
2020-07-23,1,0.4368,0.4736,1,FRESH,FRESH
2020-07-24,1,0.6490,0.7770,2,FRESH,FRESH
2020-07-27,-1,,,0,UNDEF,UNDEF
2020-07-28,,,,,,
2020-07-29,,,,,,
2020-07-30,,,,,,
2020-07-31,-1,,,0,UNDEF,UNDEF
2020-08-03,,,,,,
2020-08-04,1,0.9213,1.1602,8,FRESH,MID
2020-08-05,-1,,,0,UNDEF,UNDEF
2020-08-06,-1,,,0,UNDEF,UNDEF
2020-08-07,,,,,,
2020-08-10,,,,,,
2020-08-11,-1,,,0,UNDEF,UNDEF
2020-08-12,,,,,,
2020-08-13,,,,,,
2020-08-14,,,,,,
2020-08-17,,,,,,
2020-08-18,-1,,,0,UNDEF,UNDEF
2020-08-19,,,,,,
2020-08-20,,,,,,
2020-08-21,1,0.4434,0.5121,1,FRESH,FRESH
2020-08-24,1,1.8820,1.9263,4,MID,MID
2020-08-25,1,0.6805,0.6941,2,FRESH,FRESH
2020-08-26,-1,,,0,UNDEF,UNDEF
2020-08-27,1,1.7494,1.8765,3,MID,MID
2020-08-28,,,,,,
2020-08-31,,,,,,
2020-09-01,-1,,,0,UNDEF,UNDEF
2020-09-02,1,0.2798,0.3283,5,FRESH,FRESH
2020-09-03,-1,,,0,UNDEF,UNDEF
2020-09-04,1,0.8403,0.9158,2,FRESH,FRESH
2020-09-07,1,0.0000,0.0505,1,FRESH,FRESH
2020-09-08,1,1.7904,1.8362,2,MID,MID
2020-09-09,1,1.0622,1.0927,6,MID,MID
2020-09-10,1,1.2642,1.3485,4,MID,MID
2020-09-11,1,0.9131,0.9903,1,FRESH,FRESH
2020-09-14,,,,,,
2020-09-15,-1,,,0,UNDEF,UNDEF
2020-09-16,-1,,,0,UNDEF,UNDEF
2020-09-17,-1,,,0,UNDEF,UNDEF
2020-09-18,,,,,,
2020-09-21,,,,,,
2020-09-22,1,0.3784,0.3904,1,FRESH,FRESH
2020-09-23,-1,,,0,UNDEF,UNDEF
2020-09-24,-1,,,0,UNDEF,UNDEF
2020-09-25,1,1.5517,1.5983,3,MID,MID
2020-09-28,1,0.0000,0.0538,1,FRESH,FRESH
2020-09-29,1,0.4256,0.4268,6,FRESH,FRESH
2020-09-30,1,2.0016,2.0041,2,EXTENDED,EXTENDED
2020-10-01,-1,,,0,UNDEF,UNDEF
2020-10-02,1,1.0535,1.0694,1,MID,MID
2020-10-05,,,,,,
2020-10-06,1,1.3943,1.5268,3,MID,MID
2020-10-07,,,,,,
2020-10-08,,,,,,
2020-10-09,-1,,,0,UNDEF,UNDEF
2020-10-12,,,,,,
2020-10-13,,,,,,
2020-10-14,,,,,,
2020-10-15,1,1.1620,1.1769,3,MID,MID
2020-10-16,1,1.2973,1.4114,2,MID,MID
2020-10-19,,,,,,
2020-10-20,,,,,,
2020-10-21,-1,,,0,UNDEF,UNDEF
2020-10-22,,,,,,
2020-10-23,1,0.8736,0.9064,7,FRESH,FRESH
2020-10-26,,,,,,
2020-10-27,,,,,,
2020-10-28,-1,,,0,UNDEF,UNDEF
2020-10-29,1,0.3921,0.3960,3,FRESH,FRESH
2020-10-30,,,,,,
2020-11-02,,,,,,
2020-11-03,1,1.6768,1.6793,2,MID,MID
2020-11-04,,,,,,
2020-11-05,-1,,,0,UNDEF,UNDEF
2020-11-06,1,0.7683,0.7691,1,FRESH,FRESH
2020-11-09,,,,,,
2020-11-10,,,,,,
2020-11-11,1,0.5620,0.5873,3,FRESH,FRESH
2020-11-12,,,,,,
2020-11-13,1,0.7224,0.7364,2,FRESH,FRESH
2020-11-16,,,,,,
2020-11-17,1,0.9908,1.0105,3,FRESH,MID
2020-11-18,1,1.5286,1.6232,2,MID,MID
2020-11-19,-1,,,0,UNDEF,UNDEF
2020-11-20,,,,,,
2020-11-23,,,,,,
2020-11-24,1,0.6318,0.6655,1,FRESH,FRESH
2020-11-25,,,,,,
2020-11-26,,,,,,
2020-11-27,1,0.9691,1.0265,1,FRESH,MID
2020-11-30,,,,,,
2020-12-01,,,,,,
2020-12-02,1,0.2699,0.3342,1,FRESH,FRESH
2020-12-03,1,0.0000,0.1579,1,FRESH,FRESH
2020-12-04,1,0.0000,0.7386,7,FRESH,FRESH
2020-12-07,1,2.1281,2.2704,4,EXTENDED,EXTENDED
2020-12-08,1,1.2108,1.2127,4,MID,MID
2020-12-09,,,,,,
2020-12-10,1,0.4642,0.5290,2,FRESH,FRESH
2020-12-11,-1,,,0,UNDEF,UNDEF
2020-12-14,-1,,,0,UNDEF,UNDEF
2020-12-15,,,,,,
2020-12-16,1,0.2348,0.3900,2,FRESH,FRESH
2020-12-17,-1,,,0,UNDEF,UNDEF
2020-12-18,1,1.0461,1.1044,4,MID,MID
2020-12-21,-1,,,0,UNDEF,UNDEF
2020-12-22,0,0.3129,0.3982,3,OPPOSED,OPPOSED
2020-12-23,1,1.9518,1.9851,2,MID,MID
2020-12-24,1,0.1383,0.1504,1,FRESH,FRESH
2020-12-28,,,,,,
2020-12-29,,,,,,
2020-12-30,1,0.4602,0.4700,4,FRESH,FRESH
2020-12-31,1,0.8634,0.8731,1,FRESH,FRESH
