# w3 dual-exit per-trade record | walker CH-1 exact 1487/1487 | field=SEARCH uncapped+catchup
date,cell,pnl_v4,pnl_run,armed,raised_hit
2012-01-03,FO,14.42,14.42,0,0
2012-01-04,CLEAN|FRESH,-15.75,-15.75,0,0
2012-01-05,FO,-11.91,-11.91,0,0
2012-01-06,POKED|SPENT,-11.13,-11.13,0,0
2012-01-09,FO,-6.81,-6.81,0,0
2012-01-10,CLEAN|FRESH,7.86,7.86,1,0
2012-01-11,FO,2.76,2.76,0,0
2012-01-12,FO,9.78,2.96,1,1
2012-01-17,FO,-7.93,-7.93,0,0
2012-01-18,FO,-14.45,-14.45,0,0
2012-01-19,CLEAN|FRESH,-10.47,-10.47,0,0
2012-01-20,POKED|FRESH,-4.82,-4.82,0,0
2012-01-23,CLEAN|FRESH,3.81,3.81,0,0
2012-01-25,POKED|SPENT,8.57,-4.52,1,1
2012-01-26,CLEAN|FRESH,-7.95,-7.95,0,0
2012-01-27,CLEAN|FRESH,7.96,7.96,1,0
2012-01-31,FO,1,-8.58,1,1
2012-02-01,CLEAN|SPENT,3.37,2.46,1,1
2012-02-02,CLEAN|FRESH,-8.78,-8.78,0,0
2012-02-03,FO,-4.22,-4.22,0,0
2012-02-06,CLEAN|FRESH,0.59,5.37,1,1
2012-02-07,POKED|SPENT,1.09,-6.12,1,1
2012-02-08,FO,-7.05,-7.05,0,0
2012-02-09,FO,3.47,-10.66,1,1
2012-02-10,CLEAN|FRESH,6.65,5.8,1,1
2012-02-13,CLEAN|SPENT,-5.44,-5.44,0,0
2012-02-14,CLEAN|FRESH,-8.18,-8.18,0,0
2012-02-15,FO,1.19,1.19,0,0
2012-02-16,FO,-10.05,-10.05,0,0
2012-02-17,POKED|FRESH,-7.44,-7.44,0,0
2012-02-21,FO,18.6,18.6,1,0
2012-02-23,POKED|SPENT,-4.06,-4.06,0,0
2012-02-24,CLEAN|SPENT,-5.46,-5.46,0,0
2012-02-29,CLEAN|FRESH,-6.71,-6.71,0,0
2012-03-02,POKED|FRESH,1.61,4.65,1,1
2012-03-05,FO,7.64,3.93,1,1
2012-03-06,FO,25.73,24.77,1,1
2012-03-07,POKED|FRESH,-6.92,-6.92,0,0
2012-03-09,CLEAN|SPENT,4.98,4.98,0,0
2012-03-13,FO,10.46,23.66,1,1
2012-03-14,FO,23.82,30.33,1,1
2012-03-16,POKED|FRESH,6.39,-0.81,1,1
2012-03-19,CLEAN|SPENT,-3.09,-3.09,0,0
2012-03-20,FO,2.61,2.61,0,0
2012-03-21,CLEAN|SPENT,-8.65,-8.65,0,0
2012-03-22,CLEAN|FRESH,7.5,-1.19,1,1
2012-03-26,CLEAN|SPENT,18.68,18.68,1,0
2012-03-27,POKED|FRESH,0.43,-4.28,1,1
2012-03-28,CLEAN|SPENT,-5.08,-5.08,0,0
2012-03-29,FO,5.57,-2.69,1,1
2012-04-02,CLEAN|SPENT,1.38,1.38,1,0
2012-04-04,POKED|FRESH,14.2,21.24,1,1
2012-04-09,CLEAN|FRESH,-6.07,-6.07,0,0
2012-04-10,CLEAN|SPENT,3.61,3.61,0,0
2012-04-11,POKED|FRESH,-6.05,-6.05,0,0
2012-04-12,POKED|SPENT,14.35,15.23,1,1
2012-04-13,POKED|FRESH,-5.17,-5.17,0,0
2012-04-16,FO,-11.17,-11.17,0,0
2012-04-17,FO,-5.25,-5.25,0,0
2012-04-18,CLEAN|SPENT,3.85,7.87,1,1
2012-04-19,CLEAN|SPENT,-6.33,-6.33,0,0
2012-04-20,POKED|SPENT,-4.55,-4.55,0,0
2012-04-23,CLEAN|FRESH,12.23,1.15,1,1
2012-04-24,FO,-3.89,-3.89,0,0
2012-04-25,POKED|FRESH,-2.5,-2.5,0,0
2012-04-26,FO,8.74,8.74,1,0
2012-04-27,CLEAN|SPENT,3.32,4.98,1,1
2012-04-30,FO,-2.44,-2.44,0,0
2012-05-01,CLEAN|SPENT,-3.75,-3.75,0,0
2012-05-02,FO,4.83,4.37,1,1
2012-05-03,FO,6.12,10.04,1,1
2012-05-04,FO,3.25,-4.55,1,1
2012-05-07,CLEAN|SPENT,-7.22,-7.22,0,0
2012-05-08,FO,7.25,29.26,1,1
2012-05-09,FO,-5.19,-5.19,0,0
2012-05-10,CLEAN|FRESH,-7.44,-7.44,0,0
2012-05-11,FO,-2.38,-2.38,0,0
2012-05-14,POKED|FRESH,13.32,19.23,1,1
2012-05-15,FO,-6.84,-6.84,0,0
2012-05-16,FO,-12.93,-12.93,0,0
2012-05-18,CLEAN|SPENT,8.04,10.02,1,1
2012-05-23,FO,7.84,-4.88,1,1
2012-05-24,FO,-6.7,-6.7,0,0
2012-05-28,FO,-4.54,-4.54,0,0
2012-05-29,CLEAN|FRESH,-7.78,-7.78,0,0
2012-05-30,CLEAN|SPENT,-0.32,-10.12,1,1
2012-05-31,POKED|SPENT,-5.33,-5.33,0,0
2012-06-01,POKED|FRESH,-10.9,-10.9,0,0
2012-06-04,CLEAN|FRESH,-12.41,-12.41,0,0
2012-06-06,CLEAN|FRESH,-13.29,-13.29,0,0
2012-06-07,POKED|SPENT,-7.67,-7.67,0,0
2012-06-11,CLEAN|FRESH,-5.58,-5.58,0,0
2012-06-12,CLEAN|FRESH,-8.43,-8.43,0,0
2012-06-13,POKED|FRESH,1.71,-2.05,1,1
2012-06-14,CLEAN|FRESH,-8.81,-8.81,0,0
2012-06-15,CLEAN|FRESH,-6.14,-6.14,0,0
2012-06-19,CLEAN|FRESH,-4.88,-4.88,0,0
2012-06-20,POKED|FRESH,11.4,10.64,1,1
2012-06-21,CLEAN|FRESH,7.7,29.8,1,1
2012-06-22,CLEAN|FRESH,-7.9,-7.9,0,0
2012-06-25,CLEAN|FRESH,-9.49,-9.49,0,0
2012-06-27,FO,1.05,-4.77,1,1
2012-06-28,POKED|FRESH,0.67,15.39,1,1
2012-07-02,POKED|FRESH,-2.53,-2.53,0,0
2012-07-03,FO,10.94,10.94,1,0
2012-07-05,CLEAN|FRESH,-4.89,-4.89,0,0
2012-07-06,CLEAN|FRESH,4.63,-6.71,1,1
2012-07-10,CLEAN|FRESH,-5.61,-5.61,0,0
2012-07-12,FO,4.65,-3.82,1,1
2012-07-16,CLEAN|FRESH,-4.13,-4.13,0,0
2012-07-17,CLEAN|FRESH,-7.91,-7.91,0,0
2012-07-18,FO,1.73,0.33,1,1
2012-07-20,POKED|FRESH,-5.16,-5.16,0,0
2012-07-23,FO,-0.38,-0.38,0,0
2012-07-24,CLEAN|FRESH,-4.08,-4.08,0,0
2012-07-25,CLEAN|FRESH,16.62,16.62,1,0
2012-07-26,FO,10.03,9.82,1,1
2012-07-27,FO,7.12,0.48,1,1
2012-07-31,CLEAN|SPENT,-4.7,-4.7,0,0
2012-08-01,CLEAN|SPENT,8.74,8.67,1,1
2012-08-02,CLEAN|SPENT,-4.73,-4.73,0,0
2012-08-03,POKED|SPENT,-3.74,-3.74,0,0
2012-08-06,FO,2.57,2.57,1,0
2012-08-07,CLEAN|FRESH,0.97,-4.1,1,1
2012-08-13,POKED|FRESH,-5.93,-5.93,0,0
2012-08-14,CLEAN|SPENT,9.45,8.35,1,1
2012-08-15,CLEAN|SPENT,2.82,-4.22,1,1
2012-08-16,FO,-4.28,-4.28,0,0
2012-08-17,FO,-4.27,-4.27,0,0
2012-08-20,FO,-4.28,-4.28,0,0
2012-08-21,FO,14.29,14.05,1,1
2012-08-22,FO,1.06,-3.63,1,1
2012-08-23,FO,3.63,3.63,0,0
2012-08-24,CLEAN|SPENT,-5.49,-5.49,0,0
2012-08-30,CLEAN|SPENT,-4.15,-4.15,0,0
2012-08-31,CLEAN|SPENT,-4.98,-4.98,0,0
2012-09-03,POKED|SPENT,-2.45,-2.45,0,0
2012-09-04,CLEAN|SPENT,-6.87,-6.87,0,0
2012-09-06,POKED|FRESH,5.9,0.59,1,1
2012-09-07,CLEAN|SPENT,25.04,25.04,1,0
2012-09-11,CLEAN|FRESH,-1.91,-1.91,0,0
2012-09-12,FO,4.77,-4.68,1,1
2012-09-13,CLEAN|SPENT,-4.27,-4.27,0,0
2012-09-19,FO,-7.83,-7.83,0,0
2012-09-20,FO,-6.45,-6.45,0,0
2012-09-21,POKED|FRESH,4.54,2.87,1,1
2012-09-24,FO,-7.56,-7.56,0,0
2012-09-25,FO,-4.24,-4.24,0,0
2012-09-26,CLEAN|SPENT,11.37,6.64,1,1
2012-09-28,FO,-6.52,-6.52,0,0
2012-10-01,CLEAN|FRESH,11.19,4.89,1,1
2012-10-02,CLEAN|SPENT,-5.01,-5.01,0,0
2012-10-03,FO,0.72,3.16,1,1
2012-10-04,POKED|FRESH,4.9,6.97,1,1
2012-10-09,CLEAN|FRESH,7.15,9.52,1,1
2012-10-10,CLEAN|FRESH,-5.63,-5.63,0,0
2012-10-12,POKED|FRESH,-4.44,-4.44,0,0
2012-10-15,CLEAN|FRESH,3.58,3.58,0,0
2012-10-17,CLEAN|SPENT,-4.67,-4.67,0,0
2012-10-19,FO,13.98,13.98,1,0
2012-10-23,FO,11.43,16.47,1,1
2012-10-24,CLEAN|FRESH,0.19,5.11,1,1
2012-11-01,FO,-4.33,-4.33,0,0
2012-11-02,FO,29.45,29.45,1,0
2012-11-05,CLEAN|FRESH,-8.35,-8.35,0,0
2012-11-07,FO,-20.79,-20.79,0,0
2012-11-08,CLEAN|FRESH,-5.02,-5.02,0,0
2012-11-09,POKED|SPENT,-7.36,-7.36,0,0
2012-11-12,CLEAN|FRESH,-4.7,-4.7,0,0
2012-11-13,CLEAN|SPENT,-7.54,-7.54,0,0
2012-11-14,POKED|FRESH,-5.23,-5.23,0,0
2012-11-15,CLEAN|FRESH,8.78,7.32,1,1
2012-11-16,CLEAN|FRESH,-0.27,-4.47,1,1
2012-11-20,FO,-5.63,-5.63,0,0
2012-11-23,FO,1.03,19.48,1,1
2012-11-28,FO,19.4,19.03,1,1
2012-11-29,FO,-5.47,-5.47,0,0
2012-11-30,CLEAN|SPENT,9.56,9.56,1,0
2012-12-03,CLEAN|SPENT,-6.79,-6.79,0,0
2012-12-04,CLEAN|FRESH,-2.8,-2.8,0,0
2012-12-05,POKED|SPENT,1.55,0.76,1,1
2012-12-06,FO,-9.24,-9.24,0,0
2012-12-07,CLEAN|SPENT,-4.93,-4.93,0,0
2012-12-10,FO,2.13,2.13,1,0
2012-12-11,CLEAN|FRESH,-6.18,-6.18,0,0
2012-12-12,CLEAN|FRESH,2.29,-3.44,1,1
2012-12-13,FO,-5,-5,0,0
2012-12-14,CLEAN|FRESH,-2.47,-2.47,0,0
2012-12-17,FO,-9.63,-9.63,0,0
2012-12-19,CLEAN|SPENT,0.06,0.18,1,1
2012-12-20,CLEAN|SPENT,11.91,15.42,1,1
2013-01-02,FO,3.56,3.56,1,0
2013-01-04,FO,-0.07,-1.86,1,1
2013-01-07,CLEAN|FRESH,4.25,8.07,1,1
2013-01-09,FO,-5.76,-5.76,0,0
2013-01-10,CLEAN|FRESH,7.11,12.28,1,1
2013-01-11,POKED|SPENT,-5.13,-5.13,0,0
2013-01-15,CLEAN|FRESH,3.22,3.22,1,0
2013-01-16,POKED|FRESH,-5.99,-5.99,0,0
2013-01-17,POKED|FRESH,-4.47,-4.47,0,0
2013-01-18,FO,-5.23,-5.23,0,0
2013-01-22,CLEAN|SPENT,-4.05,-4.05,0,0
2013-01-24,CLEAN|FRESH,1.82,8.84,1,1
2013-01-25,CLEAN|SPENT,4.32,4.32,0,0
2013-01-28,POKED|SPENT,0.16,1.89,1,1
2013-01-30,FO,-4.73,-4.73,0,0
2013-02-05,FO,1.9,-5.78,1,1
2013-02-07,POKED|SPENT,-4.75,-4.75,0,0
2013-02-08,CLEAN|SPENT,-5.2,-5.2,0,0
2013-02-11,CLEAN|SPENT,17.48,15.31,1,1
2013-02-12,POKED|FRESH,-6.46,-6.46,0,0
2013-02-13,FO,-4.41,-4.41,0,0
2013-02-14,POKED|FRESH,-4.86,-4.86,0,0
2013-02-15,CLEAN|FRESH,12.65,22.68,1,1
2013-02-18,POKED|FRESH,-1.15,-1.15,0,0
2013-02-19,POKED|FRESH,2.01,3.84,1,1
2013-02-20,POKED|FRESH,9.76,39.47,1,1
2013-02-22,POKED|SPENT,3.27,3.27,0,0
2013-02-25,FO,5.88,5.88,0,0
2013-02-26,CLEAN|SPENT,-7.41,-7.41,0,0
2013-02-28,POKED|FRESH,-4.11,-4.11,0,0
2013-03-01,CLEAN|FRESH,4.25,-7.07,1,1
2013-03-04,FO,2.14,2.14,0,0
2013-03-05,POKED|SPENT,-1.56,-1.56,0,0
2013-03-06,POKED|FRESH,1.83,-5.43,1,1
2013-03-08,POKED|SPENT,9.21,-4.46,1,1
2013-03-12,POKED|FRESH,7.96,7.47,1,1
2013-03-13,CLEAN|SPENT,-2.55,-2.55,0,0
2013-03-15,FO,1.52,-0.58,1,1
2013-03-18,CLEAN|FRESH,-0.9,-0.9,0,0
2013-03-19,CLEAN|SPENT,2.98,4.97,1,1
2013-03-20,POKED|FRESH,-3.59,-3.59,0,0
2013-03-21,FO,2.05,5.12,1,1
2013-03-25,POKED|FRESH,0.3,-3.82,1,1
2013-03-26,POKED|FRESH,-0.4,-0.4,0,0
2013-03-27,POKED|FRESH,1.11,-3.65,1,1
2013-04-03,CLEAN|SPENT,1.65,1.65,0,0
2013-04-04,POKED|FRESH,-12.58,-12.58,0,0
2013-04-09,CLEAN|FRESH,7.88,7.88,1,0
2013-04-10,POKED|FRESH,-4.16,-4.16,0,0
2013-04-12,CLEAN|SPENT,7.58,51.68,1,1
2013-04-15,CLEAN|FRESH,61.67,61.67,1,0
2013-04-19,FO,11.11,-4.09,1,1
2013-04-22,FO,0.23,0.23,0,0
2013-04-24,FO,-0.32,-0.32,0,0
2013-04-25,FO,15.17,15.17,0,0
2013-04-29,CLEAN|FRESH,-10.17,-10.17,0,0
2013-04-30,CLEAN|SPENT,-8.29,-8.29,0,0
2013-05-03,FO,-11.65,-11.65,0,0
2013-05-07,POKED|FRESH,5.91,6.94,1,1
2013-05-10,CLEAN|SPENT,22.01,17.77,1,1
2013-05-14,POKED|FRESH,3.8,3.8,0,0
2013-05-15,CLEAN|FRESH,8.26,30.18,1,1
2013-05-16,CLEAN|FRESH,3.49,-1.53,1,1
2013-05-17,POKED|FRESH,10.36,10.36,1,0
2013-05-21,FO,-11.23,-11.23,0,0
2013-05-22,POKED|FRESH,5.78,-9.22,1,1
2013-05-27,FO,-0.15,-0.15,0,0
2013-05-30,FO,3.17,15.89,1,1
2013-06-05,POKED|FRESH,-11.22,-11.22,0,0
2013-06-06,FO,-6.13,-6.13,0,0
2013-06-10,CLEAN|FRESH,-10.5,-10.5,0,0
2013-06-11,FO,10.39,3.66,1,1
2013-06-12,FO,-4,-4,0,0
2013-06-14,FO,-5.31,-5.31,0,0
2013-06-18,FO,-0.01,14.11,1,1
2013-06-20,CLEAN|FRESH,39.63,58,1,1
2013-06-24,FO,-0.85,-0.85,0,0
2013-06-25,CLEAN|FRESH,-4.13,-4.13,0,0
2013-06-26,FO,15.74,15.74,0,0
2013-07-01,CLEAN|FRESH,7.38,7.38,0,0
2013-07-02,CLEAN|FRESH,-10.47,-10.47,0,0
2013-07-03,CLEAN|FRESH,1.04,2.67,1,1
2013-07-05,FO,17.2,25.62,1,1
2013-07-09,FO,-7.61,-7.61,0,0
2013-07-10,CLEAN|SPENT,3.31,-3.58,1,1
2013-07-11,FO,-5.19,-5.19,0,0
2013-07-16,CLEAN|FRESH,0.9,5.59,1,1
2013-07-17,CLEAN|SPENT,-5.92,-5.92,0,0
2013-07-19,CLEAN|FRESH,-1.62,-1.62,0,0
2013-07-22,FO,14.84,14.84,0,0
2013-07-25,CLEAN|FRESH,-9.62,-9.62,0,0
2013-07-29,FO,-10.16,-10.16,0,0
2013-07-30,FO,-3.5,-3.5,0,0
2013-08-01,CLEAN|FRESH,4.85,4.85,0,0
2013-08-02,FO,-18.54,-18.54,0,0
2013-08-05,POKED|FRESH,8.63,8.63,1,0
2013-08-06,FO,4.52,4.52,0,0
2013-08-08,POKED|FRESH,16.43,16.43,1,0
2013-08-12,CLEAN|FRESH,-0.76,-0.76,0,0
2013-08-13,POKED|FRESH,-8.36,-8.36,0,0
2013-08-15,CLEAN|SPENT,13.98,13.98,1,0
2013-08-23,CLEAN|SPENT,15.63,15.63,1,0
2013-08-27,CLEAN|FRESH,7.74,7.74,1,0
2013-08-28,FO,-7.98,-7.98,0,0
2013-08-30,CLEAN|SPENT,0.91,3.71,1,1
2013-09-03,CLEAN|FRESH,-0.31,-5.5,1,1
2013-09-05,FO,4.46,-4.56,1,1
2013-09-06,CLEAN|SPENT,-8.58,-8.58,0,0
2013-09-12,CLEAN|FRESH,24.35,24.35,1,0
2013-09-13,CLEAN|FRESH,3.65,3.65,0,0
2013-09-16,CLEAN|FRESH,3.28,12.93,1,1
2013-09-17,POKED|SPENT,-3.49,-3.49,0,0
2013-09-19,CLEAN|SPENT,-9.73,-9.73,0,0
2013-09-24,POKED|FRESH,6.17,-1.66,1,1
2013-09-25,CLEAN|FRESH,-4.76,-4.76,0,0
2013-09-26,CLEAN|SPENT,-6.73,-6.73,0,0
2013-10-01,CLEAN|SPENT,19.56,34.11,1,1
2013-10-03,CLEAN|FRESH,-6.25,-6.25,0,0
2013-10-04,CLEAN|FRESH,-4.21,-4.21,0,0
2013-10-08,POKED|SPENT,-7.16,-7.16,0,0
2013-10-10,CLEAN|SPENT,-7.93,-7.93,0,0
2013-10-11,CLEAN|SPENT,-0.67,-0.67,0,0
2013-10-15,CLEAN|FRESH,4.24,-8.51,1,1
2013-10-17,CLEAN|SPENT,22.9,29.92,1,1
2013-10-18,CLEAN|SPENT,-5.73,-5.73,0,0
2013-10-21,FO,-4.94,-4.94,0,0
2013-10-22,CLEAN|FRESH,-2.51,-2.51,0,0
2013-10-24,CLEAN|FRESH,0.24,6.23,1,1
2013-10-25,POKED|SPENT,1.98,1.98,0,0
2013-10-28,CLEAN|SPENT,-6.13,-6.13,0,0
2013-10-31,FO,4.22,11.71,1,1
2013-11-01,CLEAN|SPENT,11.61,8.14,1,1
2013-11-05,CLEAN|FRESH,-5.22,-5.22,0,0
2013-11-07,FO,-4.32,-4.32,0,0
2013-11-08,CLEAN|SPENT,6.7,8.6,1,1
2013-11-11,POKED|FRESH,-0.49,-0.49,0,0
2013-11-12,POKED|SPENT,6.27,5.62,1,1
2013-11-14,CLEAN|FRESH,-1.4,-1.4,0,0
2013-11-19,CLEAN|SPENT,-5.33,-5.33,0,0
2013-11-20,FO,0.45,28.19,1,1
2013-11-21,CLEAN|SPENT,-1.02,-1.02,0,0
2013-11-22,POKED|FRESH,-4.63,-4.63,0,0
2013-11-25,FO,1.25,-7.42,1,1
2013-12-03,CLEAN|FRESH,-4.91,-4.91,0,0
2013-12-04,FO,3.41,-5.11,1,1
2013-12-06,CLEAN|SPENT,-4.95,-4.95,0,0
2013-12-10,FO,18.31,18.1,1,1
2013-12-12,CLEAN|SPENT,-3.53,-3.53,0,0
2013-12-13,CLEAN|SPENT,-4.63,-4.63,0,0
2013-12-16,POKED|FRESH,0.28,-5.04,1,1
2013-12-17,POKED|FRESH,-7.92,-7.92,0,0
2013-12-18,POKED|FRESH,-5.48,-5.48,0,0
2013-12-19,CLEAN|SPENT,22.1,22.1,1,0
2013-12-23,CLEAN|FRESH,0.67,1.33,1,1
2013-12-24,CLEAN|FRESH,-2.99,-2.99,0,0
2013-12-26,CLEAN|FRESH,4.66,3.03,1,1
2013-12-27,FO,-3.86,-3.86,0,0
2013-12-31,CLEAN|SPENT,-5.53,-5.53,0,0
2014-01-03,FO,1.61,1.61,0,0
2014-01-06,CLEAN|FRESH,-13.43,-13.43,0,0
2014-01-07,FO,-6.81,-6.81,0,0
2014-01-08,CLEAN|FRESH,-0.13,-0.13,0,0
2014-01-09,POKED|FRESH,-4.15,-4.15,0,0
2014-01-10,CLEAN|FRESH,5.22,5.22,0,0
2014-01-14,POKED|FRESH,-3.61,-3.61,0,0
2014-01-15,POKED|FRESH,-2.3,-2.3,0,0
2014-01-16,CLEAN|SPENT,-4.17,-4.17,0,0
2014-01-22,CLEAN|FRESH,3.4,3.4,1,0
2014-01-24,CLEAN|SPENT,1.72,-2.32,1,1
2014-01-28,CLEAN|SPENT,-6.11,-6.11,0,0
2014-01-31,FO,-3.58,-3.58,0,0
2014-02-03,POKED|SPENT,-4.26,-4.26,0,0
2014-02-04,FO,-3.76,-3.76,0,0
2014-02-05,CLEAN|FRESH,11.53,-3.33,1,1
2014-02-06,POKED|FRESH,1.9,-4.29,1,1
2014-02-07,FO,-6.78,-6.78,0,0
2014-02-10,FO,3.94,3.94,1,0
2014-02-11,FO,1.82,1.82,0,0
2014-02-12,CLEAN|FRESH,-0.94,-0.94,0,0
2014-02-13,CLEAN|SPENT,8.1,8.1,1,0
2014-02-14,FO,10.94,10.94,1,0
2014-02-20,CLEAN|SPENT,-6.31,-6.31,0,0
2014-02-21,POKED|FRESH,-1.43,-1.43,0,0
2014-02-24,FO,9.64,9.64,1,0
2014-02-25,CLEAN|FRESH,1.12,1.12,0,0
2014-02-26,FO,-6.24,-6.24,0,0
2014-02-27,CLEAN|FRESH,-6.2,-6.2,0,0
2014-02-28,CLEAN|FRESH,4.62,4.62,0,0
2014-03-03,FO,5.33,5.33,0,0
2014-03-05,CLEAN|FRESH,-5.42,-5.42,0,0
2014-03-06,POKED|FRESH,-3.76,-3.76,0,0
2014-03-11,POKED|FRESH,4.66,4.66,0,0
2014-03-12,FO,4.66,4.66,0,0
2014-03-14,POKED|FRESH,1.42,0.43,1,1
2014-03-18,CLEAN|FRESH,1.11,1.11,0,0
2014-03-19,FO,22.19,22.19,1,0
2014-03-20,POKED|SPENT,-2.84,-2.84,0,0
2014-03-21,CLEAN|FRESH,-5.3,-5.3,0,0
2014-03-24,POKED|FRESH,13.65,13.65,1,0
2014-03-25,CLEAN|SPENT,-7.89,-7.89,0,0
2014-03-26,CLEAN|SPENT,3.74,3.74,1,0
2014-03-27,FO,6.12,11.05,1,1
2014-03-28,CLEAN|SPENT,0.53,-4.93,1,1
2014-03-31,CLEAN|FRESH,-0.16,10.08,1,1
2014-04-03,CLEAN|FRESH,-2.74,-2.74,0,0
2014-04-08,FO,7.45,6.51,1,1
2014-04-10,FO,-0.01,-0.01,0,0
2014-04-11,CLEAN|SPENT,-5.11,-5.11,0,0
2014-04-14,CLEAN|FRESH,-4.71,-4.71,0,0
2014-04-16,POKED|FRESH,-8.42,-8.42,0,0
2014-04-17,CLEAN|FRESH,-4.74,-4.74,0,0
2014-04-22,POKED|SPENT,2.89,0.87,1,1
2014-04-23,CLEAN|FRESH,-4.75,-4.75,0,0
2014-04-24,POKED|FRESH,8.69,-4.4,1,1
2014-04-25,CLEAN|SPENT,4.23,6.09,1,1
2014-04-30,FO,3.17,-3.53,1,1
2014-05-01,POKED|FRESH,1.86,2.27,1,1
2014-05-02,CLEAN|SPENT,-3.64,-3.64,0,0
2014-05-07,CLEAN|FRESH,-6.53,-6.53,0,0
2014-05-08,CLEAN|SPENT,-5.22,-5.22,0,0
2014-05-09,CLEAN|FRESH,-3.5,-3.5,0,0
2014-05-16,POKED|FRESH,2.27,0.14,1,1
2014-05-20,CLEAN|FRESH,0.77,-4.03,1,1
2014-05-21,CLEAN|FRESH,1.01,1.51,1,1
2014-05-28,CLEAN|FRESH,1.84,1.84,1,0
2014-05-29,CLEAN|FRESH,-4.53,-4.53,0,0
2014-05-30,POKED|FRESH,9.33,9.33,1,0
2014-06-02,FO,-6.33,-6.33,0,0
2014-06-03,POKED|SPENT,-4.2,-4.2,0,0
2014-06-04,POKED|SPENT,-0.35,-0.35,0,0
2014-06-05,CLEAN|SPENT,-3.16,-3.16,0,0
2014-06-06,FO,-2.24,-2.24,0,0
2014-06-09,POKED|FRESH,-1.56,-1.56,0,0
2014-06-10,FO,5.45,5.45,1,0
2014-06-11,FO,-1.8,-1.8,0,0
2014-06-12,CLEAN|FRESH,-1.94,-1.94,0,0
2014-06-13,CLEAN|SPENT,-3.64,-3.64,0,0
2014-06-16,FO,-7.28,-7.28,0,0
2014-06-17,FO,-7.26,-7.26,0,0
2014-06-18,POKED|FRESH,-5.29,-5.29,0,0
2014-06-19,CLEAN|FRESH,32.48,37.81,1,1
2014-06-23,FO,-4.97,-4.97,0,0
2014-06-24,CLEAN|SPENT,2.26,-0.4,1,1
2014-06-25,POKED|FRESH,-0.57,-0.57,0,0
2014-07-02,CLEAN|FRESH,-3.39,-3.39,0,0
2014-07-07,FO,-4.89,-4.89,0,0
2014-07-08,FO,-3.71,-3.71,0,0
2014-07-09,FO,2.98,2.98,1,0
2014-07-10,CLEAN|FRESH,0.88,-0.68,1,1
2014-07-11,CLEAN|FRESH,-3.84,-3.84,0,0
2014-07-15,POKED|SPENT,7.53,10.09,1,1
2014-07-21,FO,-0.44,-0.44,0,0
2014-07-22,FO,0.18,0.18,0,0
2014-07-23,CLEAN|FRESH,-3.67,-3.67,0,0
2014-07-24,FO,3.7,3.7,0,0
2014-07-28,FO,-7.33,-7.33,0,0
2014-07-29,CLEAN|FRESH,1.33,-3.27,1,1
2014-07-30,CLEAN|FRESH,1.66,-2.66,1,1
2014-07-31,FO,-4.24,-4.24,0,0
2014-08-01,CLEAN|SPENT,-3.34,-3.34,0,0
2014-08-04,POKED|FRESH,-2.77,-2.77,0,0
2014-08-05,POKED|FRESH,1.27,-2.89,1,1
2014-08-07,POKED|SPENT,-2.57,-2.57,0,0
2014-08-08,FO,-9.97,-9.97,0,0
2014-08-13,POKED|FRESH,-1.7,-1.7,0,0
2014-08-14,POKED|FRESH,-3.56,-3.56,0,0
2014-08-15,CLEAN|FRESH,-2.11,-2.11,0,0
2014-08-18,POKED|SPENT,-2.44,-2.44,0,0
2014-08-19,POKED|SPENT,1.18,1.18,1,0
2014-08-20,CLEAN|FRESH,-2.98,-2.98,0,0
2014-08-21,FO,7.72,7.72,1,0
2014-08-22,POKED|FRESH,-3.52,-3.52,0,0
2014-08-25,CLEAN|FRESH,-3.01,-3.01,0,0
2014-08-26,FO,-1.62,-1.62,0,0
2014-08-27,FO,-2.73,-2.73,0,0
2014-08-28,FO,1.42,2.28,1,1
2014-08-29,CLEAN|SPENT,-3.09,-3.09,0,0
2014-09-02,CLEAN|FRESH,13.08,13.08,1,0
2014-09-03,CLEAN|SPENT,-3.75,-3.75,0,0
2014-09-04,POKED|FRESH,-5.54,-5.54,0,0
2014-09-09,CLEAN|FRESH,1.45,-3.12,1,1
2014-09-10,CLEAN|SPENT,2.11,3.8,1,1
2014-09-11,FO,-3.74,-3.74,0,0
2014-09-12,CLEAN|FRESH,-1.66,-1.66,0,0
2014-09-19,POKED|FRESH,0.49,0.49,0,0
2014-09-24,FO,-3.81,-3.81,0,0
2014-09-25,CLEAN|FRESH,0.41,-4.85,1,1
2014-09-30,CLEAN|SPENT,3.65,-4.43,1,1
2014-10-07,POKED|FRESH,-4.24,-4.24,0,0
2014-10-08,POKED|FRESH,-5.96,-5.96,0,0
2014-10-09,FO,-2.49,-2.49,0,0
2014-10-10,CLEAN|SPENT,-4.35,-4.35,0,0
2014-10-13,FO,0.69,0.69,0,0
2014-10-14,POKED|SPENT,-3.65,-3.65,0,0
2014-10-17,CLEAN|FRESH,-2.79,-2.79,0,0
2014-10-21,CLEAN|FRESH,-5,-5,0,0
2014-10-23,CLEAN|FRESH,5.31,8.14,1,1
2014-10-29,POKED|FRESH,4.29,15.58,1,1
2014-10-30,FO,5.85,5.85,1,0
2014-10-31,FO,13.46,13.46,1,0
2014-11-05,FO,5.66,5.66,0,0
2014-11-12,FO,-6.76,-6.76,0,0
2014-11-14,FO,-8.46,-8.46,0,0
2014-11-18,FO,8.56,6.73,1,1
2014-11-19,CLEAN|FRESH,0.27,-4.95,1,1
2014-11-21,POKED|FRESH,-3.82,-3.82,0,0
2014-11-25,CLEAN|FRESH,-5.02,-5.02,0,0
2014-11-28,CLEAN|FRESH,13.55,13.55,1,0
2014-12-03,FO,4.54,7.77,1,1
2014-12-04,POKED|SPENT,-5.07,-5.07,0,0
2014-12-05,POKED|FRESH,-4.32,-4.32,0,0
2014-12-09,POKED|FRESH,10.72,25.04,1,1
2014-12-10,FO,-7.93,-7.93,0,0
2014-12-15,CLEAN|FRESH,21.01,21.01,1,0
2014-12-16,CLEAN|SPENT,-6.87,-6.87,0,0
2014-12-17,CLEAN|SPENT,-4.75,-4.75,0,0
2014-12-19,FO,-4.68,-4.68,0,0
2014-12-22,CLEAN|FRESH,19.03,19.03,1,0
2014-12-24,CLEAN|FRESH,-1.42,-1.42,0,0
2015-01-02,CLEAN|SPENT,7.2,-5.43,1,1
2015-01-05,POKED|FRESH,6.74,6.74,0,0
2015-01-06,FO,6.49,10.32,1,1
2015-01-08,POKED|FRESH,-7.23,-7.23,0,0
2015-01-09,POKED|FRESH,-5.93,-5.93,0,0
2015-01-13,CLEAN|FRESH,-10.6,-10.6,0,0
2015-01-14,CLEAN|FRESH,-6.49,-6.49,0,0
2015-01-15,FO,21.5,24.86,1,1
2015-01-16,POKED|SPENT,6.77,11.77,1,1
2015-01-20,CLEAN|FRESH,10.65,13.45,1,1
2015-01-21,FO,-12.31,-12.31,0,0
2015-01-22,CLEAN|SPENT,-4.87,-4.87,0,0
2015-01-29,POKED|FRESH,3.73,19.73,1,1
2015-02-03,FO,3.98,-4.36,1,1
2015-02-06,CLEAN|FRESH,28.8,28.8,1,0
2015-02-10,POKED|FRESH,4.16,4.16,1,0
2015-02-11,POKED|FRESH,5.84,5.87,1,1
2015-02-17,FO,17.02,17.02,1,0
2015-02-18,POKED|SPENT,-3.67,-3.67,0,0
2015-02-19,POKED|SPENT,3.3,3.3,0,0
2015-02-20,CLEAN|SPENT,-4.17,-4.17,0,0
2015-02-23,CLEAN|FRESH,4.68,-4.29,1,1
2015-02-24,FO,1.93,0.34,1,1
2015-02-25,FO,-9.4,-9.4,0,0
2015-02-26,FO,2.16,-2.18,1,1
2015-02-27,CLEAN|FRESH,-3.65,-3.65,0,0
2015-03-02,FO,-10.68,-10.68,0,0
2015-03-04,POKED|SPENT,2.81,2.81,0,0
2015-03-05,CLEAN|FRESH,-6.18,-6.18,0,0
2015-03-06,CLEAN|FRESH,0.2,32,1,1
2015-03-09,POKED|SPENT,-0.27,-0.27,0,0
2015-03-10,FO,-9.81,-9.81,0,0
2015-03-11,POKED|FRESH,0.5,5.6,1,1
2015-03-12,POKED|SPENT,-3.78,-3.78,0,0
2015-03-13,POKED|FRESH,-2.93,-2.93,0,0
2015-03-17,POKED|SPENT,3.27,-5.24,1,1
2015-03-18,FO,-5.09,-5.09,0,0
2015-03-20,CLEAN|FRESH,10.16,10.16,1,0
2015-03-23,POKED|SPENT,1.09,1.09,0,0
2015-03-24,CLEAN|FRESH,-4.9,-4.9,0,0
2015-03-25,CLEAN|FRESH,1.58,1.58,1,0
2015-03-26,FO,11.87,3.77,1,1
2015-03-30,FO,5.65,5.65,1,0
2015-03-31,POKED|FRESH,-8.06,-8.06,0,0
2015-04-01,CLEAN|FRESH,-6.72,-6.72,0,0
2015-04-02,POKED|FRESH,-3,-3,0,0
2015-04-06,FO,-3.31,-3.31,0,0
2015-04-08,CLEAN|SPENT,1.71,3.41,1,1
2015-04-09,FO,0.71,0.71,0,0
2015-04-14,FO,2.74,4.02,1,1
2015-04-15,POKED|FRESH,-4.63,-4.63,0,0
2015-04-16,CLEAN|FRESH,-7.6,-7.6,0,0
2015-04-17,CLEAN|FRESH,1.15,0.48,1,1
2015-04-20,POKED|FRESH,-3.88,-3.88,0,0
2015-04-22,POKED|FRESH,-4.04,-4.04,0,0
2015-04-24,CLEAN|SPENT,14.33,14.33,1,0
2015-04-28,POKED|SPENT,-3.2,-3.2,0,0
2015-04-29,CLEAN|SPENT,-3.04,-3.04,0,0
2015-04-30,POKED|SPENT,-5.17,-5.17,0,0
2015-05-01,FO,0.04,9.73,1,1
2015-05-05,CLEAN|FRESH,6.79,3.47,1,1
2015-05-06,FO,-4.18,-4.18,0,0
2015-05-07,FO,0.66,3.82,1,1
2015-05-11,CLEAN|SPENT,-2.44,-2.44,0,0
2015-05-12,FO,-0.04,-2.06,1,1
2015-05-13,CLEAN|FRESH,19.57,19.9,1,1
2015-05-14,POKED|FRESH,0.28,5.44,1,1
2015-05-15,POKED|FRESH,1.43,1.43,0,0
2015-05-18,CLEAN|FRESH,1.54,-3.77,1,1
2015-05-20,CLEAN|FRESH,-0.02,-2.96,1,1
2015-05-21,POKED|FRESH,0.84,1.44,1,1
2015-05-22,CLEAN|SPENT,-3.49,-3.49,0,0
2015-05-26,FO,15.22,16.79,1,1
2015-05-27,CLEAN|SPENT,-1.72,-1.72,0,0
2015-05-28,CLEAN|SPENT,-2.83,-2.83,0,0
2015-05-29,POKED|SPENT,-3.29,-3.29,0,0
2015-06-04,POKED|FRESH,0.25,4.49,1,1
2015-06-05,CLEAN|SPENT,6.09,7.47,1,1
2015-06-09,FO,-1.56,-1.56,0,0
2015-06-10,FO,4.39,4.39,1,0
2015-06-12,CLEAN|SPENT,-0.25,0.59,1,1
2015-06-15,FO,-6.48,-6.48,0,0
2015-06-16,POKED|SPENT,-3.69,-3.69,0,0
2015-06-17,FO,1.16,-3.54,1,1
2015-06-18,FO,11.51,13.3,1,1
2015-06-19,CLEAN|FRESH,-3.38,-3.38,0,0
2015-06-23,CLEAN|FRESH,-0.06,6.03,1,1
2015-06-24,CLEAN|SPENT,-3.61,-3.61,0,0
2015-06-25,POKED|FRESH,1.2,1.2,0,0
2015-06-26,CLEAN|FRESH,-2.69,-2.69,0,0
2015-06-30,POKED|FRESH,3.06,3.06,1,0
2015-07-01,CLEAN|FRESH,2.05,3.44,1,1
2015-07-02,CLEAN|FRESH,0.84,-2.2,1,1
2015-07-08,CLEAN|FRESH,-5.43,-5.43,0,0
2015-07-10,FO,-3.26,-3.26,0,0
2015-07-14,FO,-3.75,-3.75,0,0
2015-07-15,CLEAN|FRESH,5.55,5.11,1,1
2015-07-16,CLEAN|FRESH,0.44,0.44,0,0
2015-07-17,CLEAN|FRESH,4.61,9.31,1,1
2015-07-22,FO,-1.62,-1.62,0,0
2015-07-23,CLEAN|FRESH,3.43,3.43,0,0
2015-07-27,POKED|SPENT,-6.55,-6.55,0,0
2015-07-28,POKED|FRESH,-4.07,-4.07,0,0
2015-07-29,FO,-3.26,-3.26,0,0
2015-07-30,POKED|FRESH,3.78,3.78,0,0
2015-07-31,FO,-5.75,-5.75,0,0
2015-08-03,CLEAN|FRESH,-5.51,-5.51,0,0
2015-08-05,CLEAN|SPENT,-1.13,-1.13,0,0
2015-08-07,CLEAN|FRESH,2.21,-3.35,1,1
2015-08-10,FO,5.14,6.31,1,1
2015-08-11,POKED|FRESH,1.09,1.09,0,0
2015-08-12,FO,10.02,10.02,0,0
2015-08-17,FO,0.89,0.01,1,1
2015-08-18,POKED|FRESH,-3.05,-3.05,0,0
2015-08-20,FO,12.21,12.21,1,0
2015-08-24,CLEAN|SPENT,-9.8,-9.8,0,0
2015-08-26,FO,9.67,9.67,1,0
2015-08-27,CLEAN|FRESH,-1.75,-1.75,0,0
2015-08-28,POKED|SPENT,-8.25,-8.25,0,0
2015-09-01,FO,-3.12,-3.12,0,0
2015-09-02,POKED|FRESH,-4.88,-4.88,0,0
2015-09-03,CLEAN|SPENT,1.82,5.16,1,1
2015-09-04,CLEAN|FRESH,-3.59,-3.59,0,0
2015-09-07,CLEAN|FRESH,-1.84,-1.84,0,0
2015-09-11,POKED|FRESH,2.54,5.14,1,1
2015-09-14,CLEAN|FRESH,-5.29,-5.29,0,0
2015-09-15,CLEAN|FRESH,0.32,0.59,1,1
2015-09-18,CLEAN|FRESH,1.86,5.32,1,1
2015-09-22,CLEAN|FRESH,-2.61,-2.61,0,0
2015-09-24,FO,16.19,16.19,1,0
2015-09-29,FO,2.52,-2.74,1,1
2015-09-30,POKED|FRESH,6.12,6.12,1,0
2015-10-01,FO,0.12,-2.43,1,1
2015-10-02,CLEAN|FRESH,1.84,-3.27,1,1
2015-10-06,CLEAN|FRESH,12.21,12.21,0,0
2015-10-12,FO,-4.04,-4.01,1,1
2015-10-16,CLEAN|SPENT,-1.94,-1.94,0,0
2015-10-22,CLEAN|SPENT,-3.7,-3.7,0,0
2015-10-27,CLEAN|SPENT,-3.99,-3.99,0,0
2015-10-28,FO,5.37,-5.61,1,1
2015-10-29,POKED|FRESH,8.84,8.84,1,0
2015-10-30,CLEAN|SPENT,2.93,2.93,1,0
2015-11-02,POKED|SPENT,-0.27,-0.27,0,0
2015-11-03,CLEAN|SPENT,14.48,14.48,1,0
2015-11-04,POKED|FRESH,9.22,9.22,1,0
2015-11-05,CLEAN|FRESH,3.04,3.04,1,0
2015-11-06,CLEAN|SPENT,2.84,2.84,0,0
2015-11-09,POKED|SPENT,-2.51,-2.51,0,0
2015-11-10,CLEAN|SPENT,-3.29,-3.29,0,0
2015-11-11,CLEAN|SPENT,3.27,3.27,0,0
2015-11-12,POKED|FRESH,5.85,-4.26,1,1
2015-11-13,POKED|SPENT,-1.55,-1.55,0,0
2015-11-16,FO,-9.42,-9.42,0,0
2015-11-17,CLEAN|FRESH,6.23,6.23,1,0
2015-11-19,CLEAN|FRESH,-9.57,-9.57,0,0
2015-11-20,FO,-6.24,-6.24,0,0
2015-11-23,CLEAN|FRESH,-1.81,-1.81,0,0
2015-11-27,FO,6.79,7.85,1,1
2015-12-04,CLEAN|FRESH,1.19,18.55,1,1
2015-12-09,CLEAN|SPENT,0.67,-4.68,1,1
2015-12-10,POKED|FRESH,-0.75,-0.75,0,0
2015-12-11,CLEAN|FRESH,-7.35,-7.35,0,0
2015-12-21,FO,7.13,7.13,1,0
2015-12-22,FO,-4.07,-4.07,0,0
2015-12-23,FO,-2.74,-2.74,0,0
2015-12-30,POKED|FRESH,-3.27,-3.27,0,0
2015-12-31,POKED|SPENT,-2.86,-2.86,0,0
2016-01-05,FO,-0.65,-0.65,0,0
2016-01-06,FO,1.73,13.1,1,1
2016-01-07,CLEAN|FRESH,5.87,5.87,0,0
2016-01-12,POKED|SPENT,2.75,2.42,1,1
2016-01-13,CLEAN|FRESH,-5.33,-5.33,0,0
2016-01-19,CLEAN|FRESH,-5.28,-5.28,0,0
2016-01-20,POKED|FRESH,8.2,7.41,1,1
2016-01-21,FO,-6.37,-6.37,0,0
2016-01-22,CLEAN|SPENT,-3.97,-3.97,0,0
2016-01-26,FO,7.15,7.15,1,0
2016-02-01,FO,5.81,5.81,0,0
2016-02-03,CLEAN|SPENT,0.13,-3.18,1,1
2016-02-04,CLEAN|FRESH,8.14,11.36,1,1
2016-02-05,POKED|FRESH,-4.06,-4.06,0,0
2016-02-08,POKED|FRESH,16.05,16.59,1,1
2016-02-09,POKED|SPENT,-5.37,-5.37,0,0
2016-02-10,POKED|SPENT,1.41,1.41,0,0
2016-02-11,CLEAN|FRESH,26.78,28.59,1,1
2016-02-18,CLEAN|FRESH,-5.63,-5.63,0,0
2016-02-19,CLEAN|SPENT,-7.69,-7.69,0,0
2016-02-24,POKED|SPENT,11.61,-3.84,1,1
2016-02-25,FO,-4.65,-4.65,0,0
2016-03-03,POKED|FRESH,18.03,18.03,1,0
2016-03-04,FO,2.48,-7.93,1,1
2016-03-07,CLEAN|FRESH,-2.07,-2.07,0,0
2016-03-08,CLEAN|FRESH,-9.61,-9.61,0,0
2016-03-09,CLEAN|FRESH,-1.12,-1.12,0,0
2016-03-10,FO,1.55,-8.22,1,1
2016-03-14,CLEAN|SPENT,14,14,1,0
2016-03-16,POKED|FRESH,-5.53,-5.53,0,0
2016-03-17,POKED|FRESH,-5.87,-5.87,0,0
2016-03-21,FO,-0.96,-0.96,0,0
2016-03-23,FO,9.94,9.94,0,0
2016-03-24,CLEAN|FRESH,-8.69,-8.69,0,0
2016-03-29,FO,-6.66,-6.66,0,0
2016-03-30,CLEAN|FRESH,-8.18,-8.18,0,0
2016-03-31,CLEAN|FRESH,2.42,1.11,1,1
2016-04-01,POKED|FRESH,-5.19,-5.19,0,0
2016-04-04,CLEAN|FRESH,-6.71,-6.71,0,0
2016-04-05,FO,2.9,2.9,0,0
2016-04-08,POKED|FRESH,-0.23,-0.23,0,0
2016-04-11,FO,2.24,2.24,0,0
2016-04-12,CLEAN|FRESH,-6.79,-6.79,0,0
2016-04-14,CLEAN|SPENT,2.1,2.1,0,0
2016-04-18,CLEAN|FRESH,-6.64,-6.64,0,0
2016-04-21,CLEAN|FRESH,9.26,-1.95,1,1
2016-04-22,POKED|FRESH,13.62,13.62,1,0
2016-04-26,CLEAN|FRESH,-6.23,-6.23,0,0
2016-04-27,CLEAN|FRESH,-4.45,-4.45,0,0
2016-04-28,FO,16.05,16.05,1,0
2016-04-29,CLEAN|FRESH,8.75,8.75,0,0
2016-05-02,POKED|FRESH,1.27,-5.64,1,1
2016-05-03,CLEAN|SPENT,-7.57,-7.57,0,0
2016-05-04,CLEAN|FRESH,-9.27,-9.27,0,0
2016-05-05,CLEAN|SPENT,-6.22,-6.22,0,0
2016-05-10,POKED|SPENT,-7.25,-7.25,0,0
2016-05-12,CLEAN|SPENT,-7.36,-7.36,0,0
2016-05-16,FO,-8.55,-8.55,0,0
2016-05-19,FO,4,0.31,1,1
2016-05-20,FO,-5.96,-5.96,0,0
2016-05-23,POKED|FRESH,-1.31,-1.31,0,0
2016-05-24,FO,15.88,15.88,1,0
2016-05-25,POKED|FRESH,-1.36,-1.36,0,0
2016-05-26,POKED|FRESH,0.65,0.65,0,0
2016-05-27,POKED|FRESH,-2.41,-2.41,0,0
2016-06-01,CLEAN|FRESH,-7.08,-7.08,0,0
2016-06-08,FO,12.01,12.01,1,0
2016-06-09,CLEAN|SPENT,2.14,2.14,0,0
2016-06-10,CLEAN|SPENT,-4.15,-4.15,0,0
2016-06-13,CLEAN|FRESH,1.92,4.78,1,1
2016-06-14,POKED|SPENT,1.18,1.15,1,1
2016-06-15,FO,-3.85,-3.85,0,0
2016-06-16,FO,-11.91,-11.91,0,0
2016-06-20,CLEAN|FRESH,-10.49,-10.49,0,0
2016-06-21,FO,19.13,19.13,1,0
2016-06-22,POKED|FRESH,-0.59,-0.59,0,0
2016-06-23,POKED|SPENT,-7.74,-7.74,0,0
2016-06-29,FO,-3.99,-3.99,0,0
2016-06-30,POKED|SPENT,0.77,5.1,1,1
2016-07-01,FO,4.14,4.14,0,0
2016-07-05,CLEAN|FRESH,2.8,2.8,0,0
2016-07-06,FO,-7.27,-7.27,0,0
2016-07-08,CLEAN|FRESH,-7.73,-7.73,0,0
2016-07-12,POKED|FRESH,17.87,17.87,1,0
2016-07-14,FO,5.29,2.23,1,1
2016-07-15,CLEAN|FRESH,-4.23,-4.23,0,0
2016-07-25,CLEAN|FRESH,-1,-1,0,0
2016-07-28,POKED|FRESH,-4.32,-4.32,0,0
2016-07-29,POKED|FRESH,2.54,2.54,0,0
2016-08-01,CLEAN|FRESH,1.83,1.83,0,0
2016-08-02,CLEAN|SPENT,7.63,7.63,1,0
2016-08-05,FO,-3.68,-3.68,0,0
2016-08-08,CLEAN|SPENT,-7.16,-7.16,0,0
2016-08-09,FO,-4.1,-4.1,0,0
2016-08-10,FO,-7.51,-7.51,0,0
2016-08-11,POKED|FRESH,-6.45,-6.45,0,0
2016-08-15,POKED|SPENT,-3.9,-3.9,0,0
2016-08-16,FO,-0.97,-0.97,0,0
2016-08-24,CLEAN|FRESH,6.08,6.08,1,0
2016-08-25,CLEAN|SPENT,1.15,0.51,1,1
2016-08-26,CLEAN|SPENT,-4.49,-4.49,0,0
2016-08-30,FO,10.37,10.37,1,0
2016-08-31,CLEAN|FRESH,1.05,1.05,0,0
2016-09-01,CLEAN|FRESH,-6.74,-6.74,0,0
2016-09-05,FO,0.43,0.43,0,0
2016-09-06,CLEAN|FRESH,19.87,19.87,1,0
2016-09-08,FO,-5.75,-5.75,0,0
2016-09-09,POKED|FRESH,-0.09,3.67,1,1
2016-09-12,CLEAN|FRESH,-5.41,-5.41,0,0
2016-09-13,POKED|FRESH,8,8,1,0
2016-09-15,FO,-4.7,-4.7,0,0
2016-09-16,CLEAN|FRESH,0.8,4.05,1,1
2016-09-21,POKED|FRESH,12.74,12.74,1,0
2016-09-22,POKED|FRESH,3.58,0.9,1,1
2016-09-23,CLEAN|FRESH,-0.1,-0.1,0,0
2016-09-26,CLEAN|SPENT,-4.91,-4.91,0,0
2016-09-28,FO,3.63,1.92,1,1
2016-09-29,POKED|FRESH,-1.09,-1.09,0,0
2016-09-30,POKED|SPENT,-5.38,-5.38,0,0
2016-10-03,CLEAN|FRESH,0.39,0.39,0,0
2016-10-04,CLEAN|FRESH,35.57,38.02,1,1
2016-10-05,POKED|FRESH,-1.24,-1.24,0,0
2016-10-06,FO,8.83,9.98,1,1
2016-10-07,CLEAN|SPENT,-5.08,-5.08,0,0
2016-10-11,CLEAN|SPENT,1.83,1.83,0,0
2016-10-12,CLEAN|FRESH,-7,-7,0,0
2016-10-14,POKED|FRESH,-0.5,-0.5,0,0
2016-10-18,POKED|FRESH,0.98,0.98,0,0
2016-10-19,CLEAN|SPENT,1.1,2.22,1,1
2016-10-20,CLEAN|FRESH,-4.83,-4.83,0,0
2016-11-01,FO,5.9,7.76,1,1
2016-11-02,FO,7.48,2.19,1,1
2016-11-04,POKED|FRESH,-4.1,-4.1,0,0
2016-11-07,POKED|FRESH,5.58,5.58,1,0
2016-11-08,POKED|SPENT,-3.66,-3.66,0,0
2016-11-10,CLEAN|SPENT,16.51,16.51,1,0
2016-11-11,POKED|FRESH,16.88,16.88,1,0
2016-11-14,POKED|FRESH,-7.03,-7.03,0,0
2016-11-15,CLEAN|FRESH,-8.65,-8.65,0,0
2016-11-16,POKED|FRESH,0.79,0.79,0,0
2016-11-17,POKED|SPENT,-4.91,-4.91,0,0
2016-11-18,FO,-1.79,-1.79,0,0
2016-11-23,FO,-3.27,-3.27,0,0
2016-11-24,POKED|FRESH,-7.5,-7.5,0,0
2016-11-30,FO,13.99,13.99,1,0
2016-12-02,POKED|FRESH,-7.12,-7.12,0,0
2016-12-09,CLEAN|SPENT,3.59,3.59,1,0
2016-12-12,CLEAN|SPENT,-6.11,-6.11,0,0
2016-12-13,FO,1.47,1.44,1,1
2016-12-15,POKED|FRESH,6.5,6.5,1,0
2016-12-19,POKED|FRESH,-0.99,-0.99,0,0
2016-12-22,FO,-4.2,-4.2,0,0
2016-12-27,FO,4.07,0.18,1,1
2016-12-28,FO,-6.03,-6.03,0,0
2016-12-29,FO,6.74,6.74,0,0
2017-01-04,FO,-0.01,1.49,1,1
2017-01-05,FO,3.02,3.02,0,0
2017-01-09,POKED|FRESH,5.42,5.42,1,0
2017-01-10,FO,-0.34,-0.34,0,0
2017-01-11,FO,-3.52,-3.52,0,0
2017-01-19,POKED|FRESH,-7.64,-7.64,0,0
2017-01-20,FO,-5.86,-5.86,0,0
2017-01-25,FO,2.91,2.97,1,1
2017-01-26,FO,6.29,8.08,1,1
2017-01-27,FO,-6.53,-6.53,0,0
2017-01-30,POKED|FRESH,-4.9,-4.9,0,0
2017-01-31,CLEAN|FRESH,7.29,7.29,1,0
2017-02-02,POKED|FRESH,-2.22,-2.22,0,0
2017-02-03,POKED|FRESH,1.69,1.69,0,0
2017-02-06,CLEAN|FRESH,8.85,8.85,1,0
2017-02-07,POKED|SPENT,-2.69,-2.69,0,0
2017-02-08,CLEAN|SPENT,1.93,3.07,1,1
2017-02-09,CLEAN|FRESH,-3.61,-3.61,0,0
2017-02-10,FO,-7.14,-7.14,0,0
2017-02-14,POKED|FRESH,-6.17,-6.17,0,0
2017-02-15,FO,2.52,-5.34,1,1
2017-02-16,CLEAN|SPENT,1.03,1.03,0,0
2017-02-17,CLEAN|FRESH,0.2,-2.08,1,1
2017-02-21,CLEAN|FRESH,0.12,-5.5,1,1
2017-02-22,FO,-3.77,-3.77,0,0
2017-02-23,POKED|FRESH,7.16,9.63,1,1
2017-02-24,FO,5.46,4.73,1,1
2017-02-27,CLEAN|SPENT,-4.21,-4.21,0,0
2017-02-28,FO,-3.26,-3.26,0,0
2017-03-01,CLEAN|FRESH,-6.99,-6.99,0,0
2017-03-02,FO,5.09,10.18,1,1
2017-03-03,FO,4.35,4.35,1,0
2017-03-06,FO,6.13,6.13,1,0
2017-03-07,POKED|FRESH,3.7,7.93,1,1
2017-03-08,POKED|FRESH,2.56,4.69,1,1
2017-03-09,CLEAN|FRESH,-5.38,-5.38,0,0
2017-03-10,FO,-5.18,-5.18,0,0
2017-03-15,CLEAN|FRESH,-5.42,-5.42,0,0
2017-03-16,FO,-1.87,-1.87,0,0
2017-03-17,FO,0.4,1.58,1,1
2017-03-20,FO,-1.39,-1.39,0,0
2017-03-21,CLEAN|FRESH,7.67,7.67,1,0
2017-03-22,POKED|FRESH,0.71,1.73,1,1
2017-03-23,FO,1.09,-3.55,1,1
2017-03-27,FO,-3.26,-3.26,0,0
2017-03-28,CLEAN|SPENT,-2.83,-2.83,0,0
2017-03-30,FO,2.91,2.91,0,0
2017-04-04,FO,-1.41,-1.41,0,0
2017-04-05,CLEAN|FRESH,-3.09,-3.09,0,0
2017-04-06,FO,0.43,0.43,0,0
2017-04-07,FO,-9.74,-9.74,0,0
2017-04-10,FO,-4.22,-4.22,0,0
2017-04-13,CLEAN|SPENT,-3.31,-3.31,0,0
2017-04-18,CLEAN|FRESH,-3.75,-3.75,0,0
2017-04-20,CLEAN|FRESH,-3.21,-3.21,0,0
2017-04-21,CLEAN|FRESH,-3.28,-3.28,0,0
2017-04-25,FO,9.02,9.02,1,0
2017-04-27,FO,-0.22,0.46,1,1
2017-05-02,POKED|FRESH,0.37,-2.11,1,1
2017-05-03,FO,0.88,15.48,1,1
2017-05-04,POKED|FRESH,7.16,8.36,1,1
2017-05-09,CLEAN|FRESH,-3.21,-3.21,0,0
2017-05-10,CLEAN|SPENT,0.5,0.5,0,0
2017-05-12,FO,1.51,-0.29,1,1
2017-05-15,FO,1.64,-0.36,1,1
2017-05-16,FO,0.85,0.85,0,0
2017-05-17,FO,12.88,12.88,1,0
2017-05-18,CLEAN|SPENT,-5.4,-5.4,0,0
2017-05-19,POKED|FRESH,0.33,0.33,0,0
2017-05-22,POKED|FRESH,2.24,2.24,0,0
2017-05-24,POKED|FRESH,-3.37,-3.37,0,0
2017-05-26,FO,8.27,8.27,1,0
2017-06-05,CLEAN|FRESH,-3.64,-3.64,0,0
2017-06-06,FO,8.11,8.11,1,0
2017-06-08,FO,-3.72,-3.72,0,0
2017-06-09,FO,4.98,4.98,0,0
2017-06-12,FO,-4.05,-4.05,0,0
2017-06-13,CLEAN|FRESH,-4.67,-4.67,0,0
2017-06-14,CLEAN|FRESH,-4.19,-4.19,0,0
2017-06-15,POKED|FRESH,4.66,4.66,0,0
2017-06-16,FO,-3.4,-3.4,0,0
2017-06-19,CLEAN|FRESH,5.87,5.87,1,0
2017-06-20,CLEAN|SPENT,0.11,0.11,0,0
2017-06-21,POKED|SPENT,-4.42,-4.42,0,0
2017-06-23,FO,3.38,2.52,1,1
2017-06-28,CLEAN|FRESH,-3.9,-3.9,0,0
2017-06-30,CLEAN|FRESH,1.25,1.25,0,0
2017-07-03,FO,14.56,14.56,1,0
2017-07-05,POKED|FRESH,0.1,-2.45,1,1
2017-07-06,CLEAN|FRESH,-1.41,-1.41,0,0
2017-07-07,POKED|SPENT,5.1,5.1,1,0
2017-07-10,FO,1.11,-3.7,1,1
2017-07-11,FO,-5.78,-5.78,0,0
2017-07-12,FO,-3.93,-3.93,0,0
2017-07-13,FO,-6.15,-6.15,0,0
2017-07-17,CLEAN|FRESH,1.39,1.39,0,0
2017-07-18,FO,2.86,2.86,0,0
2017-07-19,POKED|FRESH,-2.87,-2.87,0,0
2017-07-20,POKED|FRESH,0.84,0.84,0,0
2017-07-21,FO,3.32,7.79,1,1
2017-07-24,POKED|SPENT,-3.82,-3.82,0,0
2017-07-25,FO,-3.61,-3.61,0,0
2017-07-26,FO,-4.81,-4.81,0,0
2017-07-27,CLEAN|FRESH,-5.45,-5.45,0,0
2017-07-28,POKED|FRESH,0.74,6.65,1,1
2017-08-01,CLEAN|SPENT,-2.23,-2.23,0,0
2017-08-07,POKED|FRESH,-2.8,-2.8,0,0
2017-08-08,CLEAN|SPENT,-2.27374e-13,-4.63,1,1
2017-08-09,FO,8.38,8.38,1,0
2017-08-10,FO,5.75,6.87,1,1
2017-08-11,CLEAN|FRESH,-5.08,-5.08,0,0
2017-08-15,FO,-0.19,-0.19,0,0
2017-08-16,POKED|SPENT,-3.1,-3.1,0,0
2017-08-17,FO,-7.03,-7.03,0,0
2017-08-18,CLEAN|SPENT,3.86,-3.39,1,1
2017-08-21,FO,4.97,4.97,1,0
2017-08-28,FO,15.84,15.84,1,0
2017-08-29,POKED|FRESH,-11.2,-11.2,0,0
2017-09-01,CLEAN|FRESH,-3.53,-3.53,0,0
2017-09-04,POKED|FRESH,-4.82,-4.82,0,0
2017-09-07,FO,5.53,11.99,1,1
2017-09-08,FO,-6.66,-6.66,0,0
2017-09-11,CLEAN|FRESH,6,6,1,0
2017-09-12,CLEAN|FRESH,-6.1,-6.1,0,0
2017-09-13,POKED|SPENT,7.28,7.28,1,0
2017-09-14,CLEAN|FRESH,-4.8,-4.8,0,0
2017-09-18,POKED|FRESH,6.1,6.1,1,0
2017-09-19,POKED|SPENT,-3.87,-3.87,0,0
2017-09-21,POKED|FRESH,0.34,4.05,1,1
2017-09-27,POKED|SPENT,0.55,5.11,1,1
2017-09-28,FO,-4.65,-4.65,0,0
2017-09-29,FO,-4.28,-4.28,0,0
2017-10-02,FO,1.31,1.31,0,0
2017-10-06,POKED|FRESH,-2.78,-2.78,0,0
2017-10-10,FO,-0.33,-0.33,0,0
2017-10-12,FO,-4.03,-4.03,0,0
2017-10-13,FO,-3.52,-3.52,0,0
2017-10-16,CLEAN|FRESH,-3.48,-3.48,0,0
2017-10-18,FO,3.39,3.69,1,1
2017-10-23,CLEAN|FRESH,-5.41,-5.41,0,0
2017-10-24,CLEAN|FRESH,2.53,2.32,1,1
2017-10-25,FO,-6.08,-6.08,0,0
2017-10-27,CLEAN|FRESH,-3.44,-3.44,0,0
2017-10-30,FO,-3.45,-3.45,0,0
2017-10-31,FO,-2.6,-2.6,0,0
2017-11-02,CLEAN|SPENT,-6.37,-6.37,0,0
2017-11-08,CLEAN|FRESH,3.95,1.33,1,1
2017-11-09,FO,0.73,0.73,0,0
2017-11-14,CLEAN|SPENT,0.38,-2.99,1,1
2017-11-15,FO,-4.06,-4.06,0,0
2017-11-17,POKED|FRESH,9.32,9.32,1,0
2017-11-21,POKED|SPENT,-3.65,-3.65,0,0
2017-11-23,CLEAN|SPENT,-3.01,-3.01,0,0
2017-11-27,FO,3.93,2.63,1,1
2017-11-29,FO,-3.18,-3.18,0,0
2017-11-30,CLEAN|FRESH,0.26,7.22,1,1
2017-12-01,POKED|FRESH,-3.07,-3.07,0,0
2017-12-04,CLEAN|FRESH,-3.66,-3.66,0,0
2017-12-05,POKED|FRESH,9.82,7.17,1,1
2017-12-06,POKED|FRESH,-3.95,-3.95,0,0
2017-12-07,FO,11.59,11.59,1,0
2017-12-08,POKED|FRESH,-2.87,-2.87,0,0
2017-12-11,CLEAN|SPENT,3.83,3.83,1,0
2017-12-12,POKED|SPENT,0.8,-3.53,1,1
2017-12-13,CLEAN|FRESH,-3.11,-3.11,0,0
2017-12-15,FO,2.32,-1.94,1,1
2017-12-18,FO,5.21,5.21,1,0
2017-12-19,FO,-3.55,-3.55,0,0
2017-12-20,POKED|FRESH,0.27,0.27,0,0
2017-12-22,FO,7.97,7.97,1,0
2017-12-26,FO,2.5,2.5,0,0
2017-12-27,CLEAN|FRESH,1.21,4.37,1,1
2017-12-28,FO,1.55,1.55,0,0
2017-12-29,CLEAN|FRESH,4.78,9.53,1,1
2018-01-02,FO,9.78,9.78,1,0
2018-01-04,CLEAN|FRESH,8.06,8.06,1,0
2018-01-11,POKED|SPENT,0.63,0.63,0,0
2018-01-12,FO,0.72,0.72,0,0
2018-01-23,FO,-4.69,-4.69,0,0
2018-01-24,FO,9.72,14.9,1,1
2018-01-25,FO,-9.23,-9.23,0,0
2018-01-26,FO,-0.91,-0.91,0,0
2018-01-29,FO,2.26,4.34,1,1
2018-02-07,POKED|SPENT,7.78,7.78,1,0
2018-02-08,FO,-9.7,-9.7,0,0
2018-02-09,CLEAN|FRESH,2.57,2.57,0,0
2018-02-13,POKED|FRESH,-0.34,-0.34,0,0
2018-02-14,CLEAN|SPENT,13.9,13.9,1,0
2018-02-15,POKED|FRESH,-5.65,-5.65,0,0
2018-02-16,FO,-7.61,-7.61,0,0
2018-02-19,POKED|FRESH,-0.66,-0.66,0,0
2018-02-20,FO,9.48,9.48,1,0
2018-02-22,FO,-4.95,-4.95,0,0
2018-02-23,FO,-4.02,-4.02,0,0
2018-02-26,FO,-6.73,-6.73,0,0
2018-03-01,FO,1.46,-6.51,1,1
2018-03-02,POKED|FRESH,1.67,1.67,0,0
2018-03-05,FO,-7.16,-7.16,0,0
2018-03-06,FO,9.44,9.48,1,1
2018-03-08,CLEAN|FRESH,0.6,0.6,0,0
2018-03-09,CLEAN|FRESH,-5.35,-5.35,0,0
2018-03-12,CLEAN|FRESH,2.33,-3.19,1,1
2018-03-13,FO,-7.67,-7.67,0,0
2018-03-16,CLEAN|SPENT,-0.23,-0.57,1,1
2018-03-19,FO,-5.26,-5.26,0,0
2018-03-23,FO,7.64,7.64,1,0
2018-03-26,POKED|SPENT,1.1,1.1,0,0
2018-03-27,CLEAN|FRESH,-4.39,-4.39,0,0
2018-03-29,CLEAN|SPENT,-2.38,-2.38,0,0
2018-04-05,POKED|FRESH,1.45,1.45,0,0
2018-04-06,FO,-7.46,-7.46,0,0
2018-04-09,CLEAN|FRESH,1.72,1.72,0,0
2018-04-10,CLEAN|FRESH,1.39,1.39,0,0
2018-04-11,FO,8.34,8,1,1
2018-04-16,POKED|FRESH,-4.06,-4.06,0,0
2018-04-19,FO,-7.6,-7.6,0,0
2018-04-20,FO,3.83,3.83,1,0
2018-04-23,POKED|FRESH,6.45,6.45,1,0
2018-04-25,FO,3.6,3.6,1,0
2018-04-26,CLEAN|FRESH,3.64,3.64,1,0
2018-05-01,FO,5,6.53,1,1
2018-05-04,CLEAN|FRESH,-3.14,-3.14,0,0
2018-05-08,FO,-6.4,-6.4,0,0
2018-05-09,FO,-6.89,-6.89,0,0
2018-05-10,POKED|SPENT,1.78,4.31,1,1
2018-05-11,POKED|SPENT,0.18,-0.74,1,1
2018-05-15,FO,18.32,18.2,1,1
2018-05-16,CLEAN|SPENT,-1.13,-1.13,0,0
2018-05-17,CLEAN|FRESH,-2.17,-2.17,0,0
2018-05-18,POKED|FRESH,-3.3,-3.3,0,0
2018-05-21,FO,0.98,-4.53,1,1
2018-05-22,FO,-4.6,-4.6,0,0
2018-05-23,CLEAN|SPENT,-4.66,-4.66,0,0
2018-05-24,FO,-3.04,-3.04,0,0
2018-05-25,POKED|FRESH,-2.22,-2.22,0,0
2018-05-29,CLEAN|FRESH,-4.55,-4.55,0,0
2018-05-31,FO,-3.7,-3.7,0,0
2018-06-01,POKED|FRESH,4.84,1.91,1,1
2018-06-04,FO,-3.97,-3.97,0,0
2018-06-05,CLEAN|FRESH,-2.14,-2.14,0,0
2018-06-06,POKED|FRESH,-2.13,-2.13,0,0
2018-06-07,FO,1.5,-2.62,1,1
2018-06-13,FO,0.66,-1.66,1,1
2018-06-19,POKED|FRESH,0.22,1.42,1,1
2018-06-20,POKED|FRESH,-3.48,-3.48,0,0
2018-06-21,FO,-5.49,-5.49,0,0
2018-06-26,FO,3.31,4.03,1,1
2018-06-27,CLEAN|SPENT,1.18,1.18,0,0
2018-06-28,FO,0.16,-2.71,1,1
2018-07-02,FO,9.32,9.32,1,0
2018-07-04,FO,-4.17,-4.17,0,0
2018-07-05,POKED|SPENT,-3.55,-3.55,0,0
2018-07-09,FO,1.37,-1.74,1,1
2018-07-11,CLEAN|FRESH,6.17,6.17,0,0
2018-07-13,FO,3.71,2.05,1,1
2018-07-16,POKED|SPENT,-1.03,-1.03,0,0
2018-07-17,CLEAN|SPENT,8.4,8.4,1,0
2018-07-18,POKED|FRESH,1.26,-2.82,1,1
2018-07-19,FO,6.3,-5.22,1,1
2018-07-27,CLEAN|SPENT,0.41,-2.9,1,1
2018-07-30,FO,-5.01,-5.01,0,0
2018-07-31,CLEAN|FRESH,-4.05,-4.05,0,0
2018-08-02,POKED|FRESH,6.66,6.66,1,0
2018-08-03,FO,-4.12,-4.12,0,0
2018-08-06,POKED|FRESH,5.61,5.61,1,0
2018-08-08,FO,-3.6,-3.6,0,0
2018-08-09,CLEAN|FRESH,-3.3,-3.3,0,0
2018-08-10,FO,-2.47,-2.47,0,0
2018-08-13,FO,4.09,12.97,1,1
2018-08-15,FO,11.6,11.6,1,0
2018-08-20,FO,2.85,2.85,0,0
2018-08-21,FO,-5.1,-5.1,0,0
2018-08-22,CLEAN|SPENT,0.11,-3.2,1,1
2018-08-23,FO,4.18,4.18,0,0
2018-08-27,POKED|SPENT,2.08,2.08,0,0
2018-08-28,POKED|FRESH,-4.45,-4.45,0,0
2018-08-29,POKED|SPENT,-4.04,-4.04,0,0
2018-09-04,POKED|FRESH,3.45,5.19,1,1
2018-09-06,FO,-3.45,-3.45,0,0
2018-09-10,FO,-4.38,-4.38,0,0
2018-09-11,CLEAN|FRESH,1.48,-3.4,1,1
2018-09-13,POKED|SPENT,1.11,-3.18,1,1
2018-09-14,FO,-4.71,-4.71,0,0
2018-09-18,POKED|FRESH,-4.79,-4.79,0,0
2018-09-19,POKED|FRESH,0.71,0.71,0,0
2018-09-20,CLEAN|SPENT,-3.53,-3.53,0,0
2018-09-21,POKED|FRESH,-3.43,-3.43,0,0
2018-09-24,CLEAN|FRESH,-3.6,-3.6,0,0
2018-09-27,CLEAN|FRESH,6.68,9.97,1,1
2018-09-28,POKED|FRESH,-3.3,-3.3,0,0
2018-10-01,FO,-2.11,-2.11,0,0
2018-10-02,CLEAN|FRESH,10.25,9.56,1,1
2018-10-04,POKED|FRESH,1.51,0.23,1,1
2018-10-05,FO,1.18,0.38,1,1
2018-10-09,CLEAN|FRESH,0.01,-2.48,1,1
2018-10-10,POKED|FRESH,0.07,-2.86,1,1
2018-10-15,FO,4.95,2.7,1,1
2018-10-16,CLEAN|FRESH,-3.06,-3.06,0,0
2018-10-17,CLEAN|SPENT,-2.74,-2.74,0,0
2018-10-18,CLEAN|SPENT,-2.87,-2.87,0,0
2018-10-19,FO,-3.62,-3.62,0,0
2018-10-25,FO,-4.83,-4.83,0,0
2018-10-30,FO,1.82,2.73,1,1
2018-10-31,FO,-0.43,-0.43,0,0
2018-11-02,CLEAN|SPENT,-3.31,-3.31,0,0
2018-11-06,FO,-3.18,-3.18,0,0
2018-11-08,CLEAN|FRESH,-4.67,-4.67,0,0
2018-11-09,CLEAN|FRESH,8.53,8.53,1,0
2018-11-12,FO,-0.09,6.16,1,1
2018-11-13,POKED|FRESH,-1.74,-1.74,0,0
2018-11-14,FO,0.58,-3.3,1,1
2018-11-15,FO,-3.98,-3.98,0,0
2018-11-16,CLEAN|FRESH,4.02,6.02,1,1
2018-11-19,POKED|FRESH,-0.72,-0.72,0,0
2018-11-20,POKED|FRESH,-3.42,-3.42,0,0
2018-11-21,CLEAN|FRESH,4.44,2.7,1,1
2018-11-22,FO,-1.16,-1.16,0,0
2018-11-26,POKED|SPENT,-0.77,-0.77,0,0
2018-11-27,CLEAN|FRESH,-2.62,-2.62,0,0
2018-11-28,CLEAN|FRESH,-3.05,-3.05,0,0
2018-11-29,FO,-3.01,-3.01,0,0
2018-12-04,FO,0.18,0.18,0,0
2018-12-06,CLEAN|SPENT,-3.78,-3.78,0,0
2018-12-07,CLEAN|FRESH,0.94,5.25,1,1
2018-12-11,FO,-3.9,-3.9,0,0
2018-12-14,FO,0.7,0.52,1,1
2018-12-18,POKED|FRESH,-0.11,-0.11,0,0
2018-12-19,CLEAN|SPENT,3.13,-2.84,1,1
2018-12-21,POKED|FRESH,-3.83,-3.83,0,0
2018-12-24,FO,4.09,4.09,0,0
2018-12-26,FO,-9.35,-9.35,0,0
2018-12-27,CLEAN|FRESH,2.38,2.38,1,0
2018-12-28,FO,-0.39,-0.39,0,0
2018-12-31,POKED|FRESH,1.02,1.02,0,0
2019-01-02,FO,-7.79,-7.79,0,0
2019-01-03,FO,-5.34,-5.34,0,0
2019-01-08,FO,-4.57,-4.57,0,0
2019-01-09,FO,-5.84,-5.84,0,0
2019-01-11,FO,-7.75,-7.75,0,0
2019-01-21,CLEAN|SPENT,1.05,0.56,1,1
2019-01-23,CLEAN|FRESH,-2.64,-2.64,0,0
2019-01-24,FO,-0.39,-0.39,0,0
2019-01-29,FO,2.45,6.81,1,1
2019-01-30,FO,-4.83,-4.83,0,0
2019-01-31,POKED|FRESH,0.88,-1.62,1,1
2019-02-01,CLEAN|SPENT,-4.46,-4.46,0,0
2019-02-04,FO,-0.59,-0.59,0,0
2019-02-05,CLEAN|FRESH,-4.41,-4.41,0,0
2019-02-08,CLEAN|FRESH,-2.84,-2.84,0,0
2019-02-13,FO,-4.36,-4.36,0,0
2019-02-14,CLEAN|SPENT,-4,-4,0,0
2019-02-18,CLEAN|FRESH,0.74,0.74,0,0
2019-02-19,POKED|SPENT,13.8,13.8,1,0
2019-02-22,POKED|SPENT,-3.24,-3.24,0,0
2019-02-26,CLEAN|FRESH,-2.99,-2.99,0,0
2019-02-27,FO,5.48,6.06,1,1
2019-02-28,CLEAN|SPENT,3.64,3.64,1,0
2019-03-01,FO,0.86,12.77,1,1
2019-03-04,FO,2.94,5.64,1,1
2019-03-05,POKED|FRESH,-2.76,-2.76,0,0
2019-03-06,CLEAN|SPENT,-2,-2,0,0
2019-03-07,FO,-4.49,-4.49,0,0
2019-03-11,FO,-3.05,-3.05,0,0
2019-03-12,POKED|FRESH,3.3,3.3,0,0
2019-03-13,FO,2.54,2.54,1,0
2019-03-18,CLEAN|FRESH,0.88,0.88,0,0
2019-03-19,CLEAN|FRESH,-3.23,-3.23,0,0
2019-03-20,POKED|SPENT,-3.2,-3.2,0,0
2019-03-21,FO,-5.2,-5.2,0,0
2019-03-22,FO,0.38,1.66,1,1
2019-03-25,FO,4.71,4.71,1,0
2019-03-27,CLEAN|FRESH,-4.27,-4.27,0,0
2019-03-28,POKED|SPENT,16.76,16.76,1,0
2019-03-29,CLEAN|FRESH,-4.57,-4.57,0,0
2019-04-01,CLEAN|FRESH,-3.84,-3.84,0,0
2019-04-05,FO,-4.61,-4.61,0,0
2019-04-08,FO,0.31,0.23,1,1
2019-04-09,CLEAN|FRESH,3.67,3.67,1,0
2019-04-10,CLEAN|FRESH,2.63,2.63,1,0
2019-04-12,CLEAN|FRESH,-3.11,-3.11,0,0
2019-04-15,FO,-1.05,-1.05,0,0
2019-04-16,FO,8.38,8.38,1,0
2019-04-17,POKED|SPENT,0.2,0.2,0,0
2019-04-18,FO,-3.53,-3.53,0,0
2019-04-23,FO,3.29,0.82,1,1
2019-04-25,POKED|FRESH,1.83,0.33,1,1
2019-04-26,FO,-4.17,-4.17,0,0
2019-05-02,POKED|FRESH,1.26,-0.8,1,1
2019-05-03,CLEAN|FRESH,-2.75,-2.75,0,0
2019-05-07,CLEAN|SPENT,-0.32,-0.32,0,0
2019-05-08,FO,0,-3.59,1,1
2019-05-10,FO,-3.58,-3.58,0,0
2019-05-13,POKED|SPENT,9.01,9.01,1,0
2019-05-15,POKED|SPENT,-3.41,-3.41,0,0
2019-05-16,CLEAN|FRESH,-2.17,-2.17,0,0
2019-05-17,POKED|SPENT,-2.33,-2.33,0,0
2019-05-20,FO,-3.18,-3.18,0,0
2019-05-21,FO,1.65,0.31,1,1
2019-05-22,FO,-2.44,-2.44,0,0
2019-05-24,CLEAN|FRESH,-2.06,-2.06,0,0
2019-05-30,FO,-3.4,-3.4,0,0
2019-05-31,FO,11.2,11.2,1,0
2019-06-03,POKED|FRESH,11.95,11.95,1,0
2019-06-04,POKED|FRESH,-5.72,-5.72,0,0
2019-06-05,CLEAN|FRESH,4.38,1.61,1,1
2019-06-06,POKED|FRESH,-0.37,-0.37,0,0
2019-06-07,CLEAN|SPENT,4.79,7.16,1,1
2019-06-10,FO,-1.06,-1.06,0,0
2019-06-11,CLEAN|FRESH,4.7,0.34,1,1
2019-06-12,FO,-3.34,-3.34,0,0
2019-06-13,POKED|FRESH,3.27,3.27,0,0
2019-06-14,CLEAN|FRESH,3.23,-1.41,1,1
2019-06-18,POKED|FRESH,5.38,3.2,1,1
2019-06-19,FO,-4.76,-4.76,0,0
2019-06-24,CLEAN|SPENT,5.77,5.77,0,0
2019-06-27,CLEAN|FRESH,-4.22,-4.22,0,0
2019-07-01,CLEAN|FRESH,-0.96,-0.96,0,0
2019-07-09,POKED|FRESH,-6.05,-6.05,0,0
2019-07-10,FO,-7.22,-7.22,0,0
2019-07-12,CLEAN|FRESH,-6.4,-6.4,0,0
2019-07-17,CLEAN|FRESH,-4.21,-4.21,0,0
2019-07-22,FO,-4.27,-4.27,0,0
2019-07-23,FO,-10.04,-10.04,0,0
2019-07-25,CLEAN|FRESH,1.34,-4.91,1,1
2019-07-30,POKED|FRESH,3.68,3.68,1,0
2019-07-31,CLEAN|FRESH,-4.3,-4.3,0,0
2019-08-01,FO,-12.58,-12.58,0,0
2019-08-05,FO,3.39,3.39,0,0
2019-08-07,CLEAN|FRESH,5.28,5.28,1,0
2019-08-12,CLEAN|SPENT,6.5,8.03,1,1
2019-08-13,FO,7.03,-8.65,1,1
2019-08-19,CLEAN|FRESH,3,8.4,1,1
2019-08-22,FO,1.13,-5.4,1,1
2019-08-23,FO,-5.44,-5.44,0,0
2019-08-27,CLEAN|FRESH,9.11,12.8,1,1
2019-08-28,POKED|FRESH,-6.25,-6.25,0,0
2019-08-29,CLEAN|FRESH,-6.29,-6.29,0,0
2019-09-02,FO,-7.4,-7.4,0,0
2019-09-06,CLEAN|FRESH,1.39,-7.92,1,1
2019-09-09,POKED|SPENT,1.74,1.74,0,0
2019-09-13,CLEAN|FRESH,1.5,-5.61,1,1
2019-09-18,CLEAN|SPENT,3.6,-3.19,1,1
2019-09-20,FO,-2.6,-2.6,0,0
2019-09-23,CLEAN|FRESH,4.09,4.09,0,0
2019-09-24,CLEAN|FRESH,-3.88,-3.88,0,0
2019-09-26,POKED|SPENT,-7.58,-7.58,0,0
2019-09-27,CLEAN|FRESH,9.55,0.89,1,1
2019-09-30,FO,16.28,17.19,1,1
2019-10-01,FO,-12.47,-12.47,0,0
2019-10-02,FO,-6.93,-6.93,0,0
2019-10-03,CLEAN|SPENT,-4.94,-4.94,0,0
2019-10-04,POKED|FRESH,-5.34,-5.34,0,0
2019-10-09,POKED|FRESH,-5.44,-5.44,0,0
2019-10-11,CLEAN|SPENT,2.73,3.67,1,1
2019-10-16,POKED|FRESH,-4.77,-4.77,0,0
2019-10-17,CLEAN|FRESH,-1.73,-1.73,0,0
2019-10-23,FO,1.72,0.29,1,1
2019-10-24,POKED|SPENT,4.12,7.92,1,1
2019-10-25,POKED|FRESH,9.7,-3.07,1,1
2019-10-28,FO,-3.26,-3.26,0,0
2019-10-29,CLEAN|SPENT,0.94,1.58,1,1
2019-10-31,FO,8.61,12.61,1,1
2019-11-01,CLEAN|SPENT,-4.29,-4.29,0,0
2019-11-04,POKED|SPENT,-3.56,-3.56,0,0
2019-11-05,POKED|FRESH,19.41,19.76,1,1
2019-11-07,CLEAN|FRESH,1.33,21.09,1,1
2019-11-08,CLEAN|FRESH,4.86,3.01,1,1
2019-11-11,POKED|FRESH,4.93,3.44,1,1
2019-11-12,FO,1.1,-5.06,1,1
2019-11-13,FO,1.98,1.98,0,0
2019-11-14,FO,4.44,4.44,1,0
2019-11-18,FO,-5,-5,0,0
2019-11-20,CLEAN|FRESH,-4.35,-4.35,0,0
2019-11-22,CLEAN|SPENT,-3.4,-3.4,0,0
2019-11-25,FO,2.85,2.85,0,0
2019-11-26,CLEAN|SPENT,-5.03,-5.03,0,0
2019-12-02,POKED|FRESH,-1.78,-1.78,0,0
2019-12-03,POKED|SPENT,13.71,12.81,1,1
2019-12-04,FO,-5.29,-5.29,0,0
2019-12-05,FO,-4.37,-4.37,0,0
2019-12-06,CLEAN|FRESH,-1.52,-1.52,0,0
2019-12-12,POKED|FRESH,-1.59,-1.59,0,0
2019-12-16,FO,-0.13,-0.13,0,0
2019-12-17,FO,-3.29,-3.29,0,0
2019-12-18,FO,-2.22,-2.22,0,0
2019-12-20,FO,-1.64,-1.64,0,0
2019-12-23,FO,2.55,2.55,0,0
2019-12-24,FO,8.29,8.29,1,0
2019-12-26,FO,5.67,5.67,0,0
2019-12-27,CLEAN|SPENT,-0.63,-0.63,0,0
2019-12-30,CLEAN|SPENT,-1.18,-1.18,0,0
2019-12-31,FO,-7.11,-7.11,0,0
2020-01-02,POKED|FRESH,4.81,6.75,1,1
2020-01-03,FO,4.62,4.62,0,0
2020-01-07,FO,5.58,5.58,0,0
2020-01-09,FO,4.7,1.68,1,1
2020-01-15,POKED|FRESH,2.65,2.65,0,0
2020-01-17,FO,2.74,2.74,0,0
2020-01-20,FO,-1.86,-1.86,0,0
2020-01-24,CLEAN|SPENT,5.73,6.66,1,1
2020-01-30,CLEAN|FRESH,-5.85,-5.85,0,0
2020-01-31,CLEAN|FRESH,6.83,6.34,1,1
2020-02-04,FO,16.42,16.42,1,0
2020-02-05,CLEAN|SPENT,-5.54,-5.54,0,0
2020-02-07,CLEAN|SPENT,-4.31,-4.31,0,0
2020-02-10,POKED|FRESH,-3.33,-3.33,0,0
2020-02-11,CLEAN|SPENT,-6.07,-6.07,0,0
2020-02-12,FO,-4.3,-4.3,0,0
2020-02-13,FO,0.66,0.66,0,0
2020-02-14,POKED|FRESH,5.11,5.11,0,0
2020-02-18,FO,0.43,15.17,1,1
2020-02-19,FO,0.01,5.81,1,1
2020-02-20,CLEAN|SPENT,2.03,5.72,1,1
2020-02-21,FO,10.22,15.34,1,1
2020-02-24,POKED|FRESH,-28.89,-28.89,0,0
2020-02-26,CLEAN|SPENT,-12.22,-12.22,0,0
2020-02-28,FO,45.55,45.55,1,0
2020-03-05,FO,14.51,32.22,1,1
2020-03-06,CLEAN|FRESH,-13.5,-13.5,0,0
2020-03-10,POKED|FRESH,0.08,0.08,0,0
2020-03-11,CLEAN|SPENT,15.01,15.01,1,0
2020-03-12,CLEAN|FRESH,41.84,43.54,1,1
2020-03-13,CLEAN|SPENT,25.14,25.14,1,0
2020-03-16,CLEAN|FRESH,30.26,9.08,1,1
2020-03-17,FO,-34.22,-34.22,0,0
2020-03-18,FO,21.41,21.41,1,0
2020-03-23,POKED|SPENT,49.01,49.01,1,0
2020-03-26,POKED|FRESH,8.96,11.05,1,1
2020-03-31,FO,33.6,33.6,1,0
2020-04-03,CLEAN|SPENT,-9.11,-9.11,0,0
2020-04-06,POKED|FRESH,42.63,42.63,1,0
2020-04-08,FO,-6.01,-6.01,0,0
2020-04-09,CLEAN|FRESH,7.1,32.89,1,1
2020-04-13,CLEAN|FRESH,23.59,23.59,1,0
2020-04-14,CLEAN|FRESH,2.6,0.06,1,1
2020-04-16,CLEAN|FRESH,10.23,-7.64,1,1
2020-04-21,POKED|FRESH,2.57,-1.92,1,1
2020-04-23,POKED|FRESH,4.22,12.14,1,1
2020-04-24,CLEAN|FRESH,-9.48,-9.48,0,0
2020-04-28,FO,-20.88,-20.88,0,0
2020-04-29,CLEAN|SPENT,-9.07,-9.07,0,0
2020-04-30,FO,-6.54,-6.54,0,0
2020-05-01,CLEAN|FRESH,-0.33,-9.68,1,1
2020-05-04,FO,1.57,1.57,0,0
2020-05-05,CLEAN|SPENT,-7.28,-7.28,0,0
2020-05-06,POKED|FRESH,-6.57,-6.57,0,0
2020-05-08,CLEAN|FRESH,-9.47,-9.47,0,0
2020-05-11,CLEAN|FRESH,1.64,1.64,0,0
2020-05-13,FO,1.27,8.35,1,1
2020-05-14,CLEAN|FRESH,9.7,9.7,1,0
2020-05-15,CLEAN|FRESH,3.79,13.37,1,1
2020-05-18,FO,-28.65,-28.65,0,0
2020-05-20,POKED|FRESH,-7.66,-7.66,0,0
2020-05-21,FO,10.5,10.5,1,0
2020-05-25,FO,-4.79,-4.79,0,0
2020-05-26,POKED|FRESH,13.22,13.22,1,0
2020-05-27,FO,-0.24,-8.87,1,1
2020-05-29,FO,11.24,11.24,1,0
2020-06-01,FO,-14.2,-14.2,0,0
2020-06-02,POKED|FRESH,-8.86,-8.86,0,0
2020-06-03,POKED|FRESH,22.1,22.1,1,0
2020-06-05,CLEAN|FRESH,13.37,24.07,1,1
2020-06-09,CLEAN|FRESH,-11.41,-11.41,0,0
2020-06-10,FO,1.11,-6.47,1,1
2020-06-11,POKED|SPENT,-10.23,-10.23,0,0
2020-06-12,CLEAN|FRESH,2.03,1.35,1,1
2020-06-16,CLEAN|FRESH,-9.08,-9.08,0,0
2020-06-17,FO,-6.55,-6.55,0,0
2020-06-22,CLEAN|SPENT,-3.89,-3.89,0,0
2020-06-23,CLEAN|FRESH,9.02,9.02,0,0
2020-06-24,POKED|SPENT,-7.43,-7.43,0,0
2020-06-25,POKED|FRESH,-3.76,-3.76,0,0
2020-06-30,POKED|FRESH,-4.87,-4.87,0,0
2020-07-01,FO,-4.39,-4.39,0,0
2020-07-02,FO,-6.66,-6.66,0,0
2020-07-07,POKED|SPENT,8.65,8.65,1,0
2020-07-08,CLEAN|FRESH,13.23,12.39,1,1
2020-07-09,FO,-7.01,-7.01,0,0
2020-07-10,POKED|SPENT,0.29,-4.95,1,1
2020-07-13,FO,-2.95,-2.95,0,0
2020-07-14,FO,-8.02,-8.02,0,0
2020-07-15,CLEAN|FRESH,-5.43,-5.43,0,0
2020-07-20,FO,2.16,7.53,1,1
2020-07-21,POKED|FRESH,15.65,19.56,1,1
2020-07-22,CLEAN|FRESH,1.15,1.15,0,0
2020-07-23,POKED|FRESH,7.77,8.5,1,1
2020-07-24,CLEAN|FRESH,9.73,9.73,1,0
2020-07-27,FO,-6.52,-6.52,0,0
2020-07-31,FO,-0.28,-0.28,0,0
2020-08-04,CLEAN|FRESH,13.59,35.79,1,1
2020-08-05,FO,1.15,5.54,1,1
2020-08-06,FO,8.36,18.28,1,1
2020-08-11,FO,58.11,97.48,1,1
2020-08-18,FO,2.88,-15.36,1,1
2020-08-21,CLEAN|FRESH,10.22,0.63,1,1
2020-08-24,POKED|SPENT,1.6,1.6,0,0
2020-08-25,POKED|FRESH,0.19,-2.4,1,1
2020-08-26,FO,8.89,-9.95,1,1
2020-08-27,CLEAN|SPENT,0.13,-16.87,1,1
2020-09-01,FO,-24.36,-24.36,0,0
2020-09-02,CLEAN|FRESH,15.64,15.64,1,0
2020-09-03,FO,-0.13,6.94,1,1
2020-09-04,CLEAN|FRESH,-0.79,-0.79,0,0
2020-09-07,POKED|FRESH,-0.78,-0.78,0,0
2020-09-08,POKED|SPENT,1.26,-9.6,1,1
2020-09-09,POKED|SPENT,-9.94,-9.94,0,0
2020-09-10,POKED|SPENT,6.89,-7.26,1,1
2020-09-11,POKED|FRESH,-7.54,-7.54,0,0
2020-09-15,FO,-12,-12,0,0
2020-09-16,FO,-4.07,-4.07,0,0
2020-09-17,FO,-11.83,-11.83,0,0
2020-09-22,CLEAN|FRESH,3.2,3.2,0,0
2020-09-23,FO,18.69,18.69,1,0
2020-09-24,FO,-18.92,-18.92,0,0
2020-09-25,CLEAN|SPENT,-1.68,-1.68,0,0
2020-09-28,POKED|FRESH,-8.8,-8.8,0,0
2020-09-29,POKED|FRESH,-8.3,-8.3,0,0
2020-09-30,CLEAN|SPENT,-12.24,-12.24,0,0
2020-10-01,FO,0.86,8.84,1,1
2020-10-02,CLEAN|SPENT,-6.09,-6.09,0,0
2020-10-06,POKED|SPENT,-6.37,-6.37,0,0
2020-10-09,FO,9.28,9.28,0,0
2020-10-15,POKED|SPENT,-11.2,-11.2,0,0
2020-10-16,POKED|SPENT,-6.69,-6.69,0,0
2020-10-21,FO,3.91,3.91,0,0
2020-10-23,POKED|FRESH,-0.86,-0.86,0,0
2020-10-28,FO,-6.71,-6.71,0,0
2020-10-29,POKED|FRESH,7.61,9.08,1,1
2020-11-03,CLEAN|SPENT,0.81,7.05,1,1
2020-11-05,FO,33.14,39.79,1,1
2020-11-06,CLEAN|FRESH,1.66,1.66,0,0
2020-11-11,CLEAN|FRESH,7.91,9.64,1,1
2020-11-13,POKED|FRESH,5.29,7.47,1,1
2020-11-17,CLEAN|FRESH,-7.68,-7.68,0,0
2020-11-18,CLEAN|SPENT,0.83,-7.92,1,1
2020-11-19,FO,-9.44,-9.44,0,0
2020-11-24,CLEAN|FRESH,10.69,10.69,0,0
2020-11-27,CLEAN|FRESH,13.2,11.74,1,1
2020-12-02,POKED|FRESH,8.16,12.23,1,1
2020-12-03,POKED|FRESH,-11.05,-11.05,0,0
2020-12-04,CLEAN|FRESH,-6.84,-6.84,0,0
2020-12-07,CLEAN|SPENT,15.32,21.4,1,1
2020-12-08,CLEAN|SPENT,-2.46,-2.46,0,0
2020-12-10,POKED|FRESH,-9.26,-9.26,0,0
2020-12-11,FO,0.51,-6.91,1,1
2020-12-14,FO,3.03,3.3,1,1
2020-12-16,CLEAN|FRESH,-7.44,-7.44,0,0
2020-12-17,FO,3.15,13.07,1,1
2020-12-18,CLEAN|SPENT,-8.27,-8.27,0,0
2020-12-21,FO,-21.95,-21.95,0,0
2020-12-22,FO,13.72,13.72,1,0
2020-12-23,POKED|SPENT,-9.12,-9.12,0,0
2020-12-24,POKED|FRESH,-9.14,-9.14,0,0
2020-12-30,POKED|FRESH,5.74,5.74,0,0
2020-12-31,CLEAN|FRESH,0.08,0.08,0,0
